movie_id,title,title_ko,release_date,release_year,primary_genre,secondary_genre,production_country,original_language,runtime_minutes,content_rating,director_name,studio_name,production_budget_usd,box_office_usd,platform_release_date,is_platform_original,synopsis
MOV0001,Asterfall Archive,별비: 기록,2014-05-30,2014,Drama,Horror,GB,en,142,ALL,Ari Voss,Copper Kite Media,25670451,114664007,2023-10-28,false,"별비: 기록은(는) drama 장르의 이야기로, 낯선 선택이 한 공동체의 미래를 바꾸는 과정을 그린다."
MOV0002,Asterfall Signal,별비: 신호,1999-06-26,1999,Comedy,Drama,CA,en,103,12+,Mina Calder,Northstar Fiction,30994648,165910898,2025-06-19,false,"별비: 신호은(는) comedy 장르의 이야기로, 낯선 선택이 한 공동체의 미래를 바꾸는 과정을 그린다."
MOV0003,Asterfall Voyage,별비: 항해,1996-06-05,1996,Thriller,Horror,BR,pt,113,7+,Jun Ren,Mosaic Frame Lab,14729246,23058305,2025-10-23,false,"별비: 항해은(는) thriller 장르의 이야기로, 낯선 선택이 한 공동체의 미래를 바꾸는 과정을 그린다."
MOV0004,Asterfall Protocol,별비: 규약,2004-04-17,2004,Science Fiction,Documentary,JP,ja,129,12+,Lea Mirel,Blue Lantern Works,44258735,236411499,2023-03-01,false,"별비: 규약은(는) science fiction 장르의 이야기로, 낯선 선택이 한 공동체의 미래를 바꾸는 과정을 그린다."
MOV0005,Asterfall Garden,별비: 정원,2019-06-20,2019,Romance,Horror,DE,de,100,7+,Tomas Vale,Blue Lantern Works,34940610,85493704,2023-10-03,false,"별비: 정원은(는) romance 장르의 이야기로, 낯선 선택이 한 공동체의 미래를 바꾸는 과정을 그린다."
MOV0006,Asterfall Paradox,별비: 역설,2008-05-04,2008,Action,Comedy,IN,hi,145,7+,Nora Kwon,Copper Kite Media,42081710,88301833,2022-08-03,false,"별비: 역설은(는) action 장르의 이야기로, 낯선 선택이 한 공동체의 미래를 바꾸는 과정을 그린다."
MOV0007,Asterfall Chronicle,별비: 연대기,2008-02-22,2008,Documentary,Animation,US,en,94,7+,Ishan Sarin,Orbit Pine Studio,6377014,12894627,2024-09-05,false,"별비: 연대기은(는) documentary 장르의 이야기로, 낯선 선택이 한 공동체의 미래를 바꾸는 과정을 그린다."
MOV0008,Asterfall Constellation,별비: 별자리,2020-06-28,2020,Animation,Science Fiction,FR,fr,86,ALL,Sora Neri,Mosaic Frame Lab,40307812,53677609,2026-01-30,false,"별비: 별자리은(는) animation 장르의 이야기로, 낯선 선택이 한 공동체의 미래를 바꾸는 과정을 그린다."
MOV0009,Asterfall Reverie,별비: 몽상,2024-10-11,2024,Fantasy,Science Fiction,AU,en,137,ALL,Theo Alden,Mosaic Frame Lab,45741341,90122543,2025-07-27,false,"별비: 몽상은(는) fantasy 장르의 이야기로, 낯선 선택이 한 공동체의 미래를 바꾸는 과정을 그린다."
MOV0010,Asterfall Crossing,별비: 교차점,2004-06-17,2004,Horror,Drama,KR,ko,129,7+,Aya Bora,Riverglass Pictures,34340687,63483968,2022-03-24,false,"별비: 교차점은(는) horror 장르의 이야기로, 낯선 선택이 한 공동체의 미래를 바꾸는 과정을 그린다."
MOV0011,Velora Archive,푸른 궤도: 기록,2015-05-27,2015,Drama,Thriller,FR,fr,111,15+,Mina Ren,Copper Kite Media,9376596,9914957,2021-06-15,false,"푸른 궤도: 기록은(는) drama 장르의 이야기로, 낯선 선택이 한 공동체의 미래를 바꾸는 과정을 그린다."
MOV0012,Velora Signal,푸른 궤도: 신호,1996-07-02,1996,Comedy,Romance,AU,en,135,18+,Jun Mirel,Cloudberry Films,51349442,123460637,2023-01-08,false,"푸른 궤도: 신호은(는) comedy 장르의 이야기로, 낯선 선택이 한 공동체의 미래를 바꾸는 과정을 그린다."
MOV0013,Velora Voyage,푸른 궤도: 항해,2008-12-28,2008,Thriller,Romance,KR,ko,140,ALL,Lea Vale,Mosaic Frame Lab,40872554,138915709,2021-12-02,false,"푸른 궤도: 항해은(는) thriller 장르의 이야기로, 낯선 선택이 한 공동체의 미래를 바꾸는 과정을 그린다."
MOV0014,Velora Protocol,푸른 궤도: 규약,2007-06-17,2007,Science Fiction,Fantasy,GB,en,136,12+,Tomas Kwon,Mosaic Frame Lab,18457833,39594964,2023-08-13,false,"푸른 궤도: 규약은(는) science fiction 장르의 이야기로, 낯선 선택이 한 공동체의 미래를 바꾸는 과정을 그린다."
MOV0015,Velora Garden,푸른 궤도: 정원,2019-02-06,2019,Romance,Documentary,CA,en,156,12+,Nora Sarin,Quiet Comet Studio,49493867,167976810,2025-02-23,false,"푸른 궤도: 정원은(는) romance 장르의 이야기로, 낯선 선택이 한 공동체의 미래를 바꾸는 과정을 그린다."
MOV0016,Velora Paradox,푸른 궤도: 역설,2008-06-16,2008,Action,Romance,BR,pt,143,12+,Ishan Neri,Northstar Fiction,18283436,53427172,2024-09-12,false,"푸른 궤도: 역설은(는) action 장르의 이야기로, 낯선 선택이 한 공동체의 미래를 바꾸는 과정을 그린다."
MOV0017,Velora Chronicle,푸른 궤도: 연대기,2019-04-24,2019,Documentary,Action,JP,ja,103,15+,Sora Alden,Blue Lantern Works,5623822,17474184,2024-03-05,false,"푸른 궤도: 연대기은(는) documentary 장르의 이야기로, 낯선 선택이 한 공동체의 미래를 바꾸는 과정을 그린다."
MOV0018,Velora Constellation,푸른 궤도: 별자리,1998-07-30,1998,Animation,Drama,DE,de,115,15+,Theo Bora,Riverglass Pictures,134160515,780956383,2022-08-15,false,"푸른 궤도: 별자리은(는) animation 장르의 이야기로, 낯선 선택이 한 공동체의 미래를 바꾸는 과정을 그린다."
MOV0019,Velora Reverie,푸른 궤도: 몽상,2001-02-15,2001,Fantasy,Action,IN,hi,97,12+,Aya Voss,Quiet Comet Studio,35888869,64318613,2023-01-03,false,"푸른 궤도: 몽상은(는) fantasy 장르의 이야기로, 낯선 선택이 한 공동체의 미래를 바꾸는 과정을 그린다."
MOV0020,Velora Crossing,푸른 궤도: 교차점,2022-05-10,2022,Horror,Fantasy,US,en,107,18+,Ari Calder,Mosaic Frame Lab,32142600,37331442,2023-09-19,false,"푸른 궤도: 교차점은(는) horror 장르의 이야기로, 낯선 선택이 한 공동체의 미래를 바꾸는 과정을 그린다."
MOV0021,Moonforge Archive,달의 대장간: 기록,1995-11-23,1995,Drama,Thriller,DE,de,161,7+,Jun Vale,Orbit Pine Studio,49568532,47135321,2022-01-31,false,"달의 대장간: 기록은(는) drama 장르의 이야기로, 낯선 선택이 한 공동체의 미래를 바꾸는 과정을 그린다."
MOV0022,Moonforge Signal,달의 대장간: 신호,1995-08-29,1995,Comedy,Science Fiction,IN,hi,93,18+,Lea Kwon,Northstar Fiction,8558673,39304996,2021-12-30,false,"달의 대장간: 신호은(는) comedy 장르의 이야기로, 낯선 선택이 한 공동체의 미래를 바꾸는 과정을 그린다."
MOV0023,Moonforge Voyage,달의 대장간: 항해,2011-02-06,2011,Thriller,Science Fiction,US,en,150,15+,Tomas Sarin,Blue Lantern Works,43546158,169346348,2021-01-02,false,"달의 대장간: 항해은(는) thriller 장르의 이야기로, 낯선 선택이 한 공동체의 미래를 바꾸는 과정을 그린다."
MOV0024,Moonforge Protocol,달의 대장간: 규약,1995-10-30,1995,Science Fiction,Drama,FR,fr,123,15+,Nora Neri,Riverglass Pictures,32137703,72455866,2023-08-16,false,"달의 대장간: 규약은(는) science fiction 장르의 이야기로, 낯선 선택이 한 공동체의 미래를 바꾸는 과정을 그린다."
MOV0025,Moonforge Garden,달의 대장간: 정원,1998-10-28,1998,Romance,Thriller,AU,en,157,15+,Ishan Alden,Mosaic Frame Lab,55890929,205499933,2025-01-16,false,"달의 대장간: 정원은(는) romance 장르의 이야기로, 낯선 선택이 한 공동체의 미래를 바꾸는 과정을 그린다."
MOV0026,Moonforge Paradox,달의 대장간: 역설,2003-12-27,2003,Action,Thriller,KR,ko,93,12+,Sora Bora,Riverglass Pictures,13206939,47455122,2023-12-12,false,"달의 대장간: 역설은(는) action 장르의 이야기로, 낯선 선택이 한 공동체의 미래를 바꾸는 과정을 그린다."
MOV0027,Moonforge Chronicle,달의 대장간: 연대기,2013-10-08,2013,Documentary,Science Fiction,GB,en,103,ALL,Theo Voss,Cloudberry Films,1405078,2091135,2021-08-19,false,"달의 대장간: 연대기은(는) documentary 장르의 이야기로, 낯선 선택이 한 공동체의 미래를 바꾸는 과정을 그린다."
MOV0028,Moonforge Constellation,달의 대장간: 별자리,2013-12-15,2013,Animation,Fantasy,CA,en,106,ALL,Aya Calder,Orbit Pine Studio,74960035,156775753,2022-03-06,false,"달의 대장간: 별자리은(는) animation 장르의 이야기로, 낯선 선택이 한 공동체의 미래를 바꾸는 과정을 그린다."
MOV0029,Moonforge Reverie,달의 대장간: 몽상,1995-07-15,1995,Fantasy,Horror,BR,pt,118,12+,Ari Ren,Cloudberry Films,24086074,139961061,2021-01-11,false,"달의 대장간: 몽상은(는) fantasy 장르의 이야기로, 낯선 선택이 한 공동체의 미래를 바꾸는 과정을 그린다."
MOV0030,Moonforge Crossing,달의 대장간: 교차점,2011-05-08,2011,Horror,Science Fiction,JP,ja,114,15+,Mina Mirel,Orbit Pine Studio,40834966,59424555,2022-02-18,false,"달의 대장간: 교차점은(는) horror 장르의 이야기로, 낯선 선택이 한 공동체의 미래를 바꾸는 과정을 그린다."
MOV0031,Cinderwake Archive,잿빛 파도: 기록,2012-02-26,2012,Drama,Science Fiction,CA,en,96,18+,Lea Sarin,Northstar Fiction,38422127,84367888,2022-07-10,false,"잿빛 파도: 기록은(는) drama 장르의 이야기로, 낯선 선택이 한 공동체의 미래를 바꾸는 과정을 그린다."
MOV0032,Cinderwake Signal,잿빛 파도: 신호,2016-05-10,2016,Comedy,Fantasy,BR,pt,152,18+,Tomas Neri,Cloudberry Films,18999092,40221590,2022-06-02,false,"잿빛 파도: 신호은(는) comedy 장르의 이야기로, 낯선 선택이 한 공동체의 미래를 바꾸는 과정을 그린다."
MOV0033,Cinderwake Voyage,잿빛 파도: 항해,2014-04-17,2014,Thriller,Science Fiction,JP,ja,88,15+,Nora Alden,Copper Kite Media,29975493,149233395,2023-02-22,false,"잿빛 파도: 항해은(는) thriller 장르의 이야기로, 낯선 선택이 한 공동체의 미래를 바꾸는 과정을 그린다."
MOV0034,Cinderwake Protocol,잿빛 파도: 규약,1998-04-18,1998,Science Fiction,Action,DE,de,101,12+,Ishan Bora,Quiet Comet Studio,21293849,55500740,2024-07-10,false,"잿빛 파도: 규약은(는) science fiction 장르의 이야기로, 낯선 선택이 한 공동체의 미래를 바꾸는 과정을 그린다."
MOV0035,Cinderwake Garden,잿빛 파도: 정원,2016-09-01,2016,Romance,Documentary,IN,hi,113,ALL,Sora Voss,Mosaic Frame Lab,31642446,171569037,2024-11-23,false,"잿빛 파도: 정원은(는) romance 장르의 이야기로, 낯선 선택이 한 공동체의 미래를 바꾸는 과정을 그린다."
MOV0036,Cinderwake Paradox,잿빛 파도: 역설,2020-06-10,2020,Action,Thriller,US,en,106,12+,Theo Calder,Blue Lantern Works,24043509,65578180,2025-03-17,false,"잿빛 파도: 역설은(는) action 장르의 이야기로, 낯선 선택이 한 공동체의 미래를 바꾸는 과정을 그린다."
MOV0037,Cinderwake Chronicle,잿빛 파도: 연대기,2024-10-17,2024,Documentary,Science Fiction,FR,fr,95,15+,Aya Ren,Mosaic Frame Lab,4866796,12191113,2024-10-17,true,"잿빛 파도: 연대기은(는) documentary 장르의 이야기로, 낯선 선택이 한 공동체의 미래를 바꾸는 과정을 그린다."
MOV0038,Cinderwake Constellation,잿빛 파도: 별자리,2013-06-22,2013,Animation,Comedy,AU,en,112,ALL,Ari Mirel,Mosaic Frame Lab,61428432,173102374,2026-01-23,false,"잿빛 파도: 별자리은(는) animation 장르의 이야기로, 낯선 선택이 한 공동체의 미래를 바꾸는 과정을 그린다."
MOV0039,Cinderwake Reverie,잿빛 파도: 몽상,2016-10-17,2016,Fantasy,Horror,KR,ko,159,7+,Mina Vale,Cloudberry Films,10973209,34645279,2022-10-21,false,"잿빛 파도: 몽상은(는) fantasy 장르의 이야기로, 낯선 선택이 한 공동체의 미래를 바꾸는 과정을 그린다."
MOV0040,Cinderwake Crossing,잿빛 파도: 교차점,2014-04-28,2014,Horror,Comedy,GB,en,110,12+,Jun Kwon,Orbit Pine Studio,40320134,171858249,2024-04-03,false,"잿빛 파도: 교차점은(는) horror 장르의 이야기로, 낯선 선택이 한 공동체의 미래를 바꾸는 과정을 그린다."
MOV0041,Solivane Archive,고요한 항로: 기록,2025-12-21,2025,Drama,Animation,AU,en,153,18+,Tomas Alden,Copper Kite Media,21396596,127574896,2026-03-23,false,"고요한 항로: 기록은(는) drama 장르의 이야기로, 낯선 선택이 한 공동체의 미래를 바꾸는 과정을 그린다."
MOV0042,Solivane Signal,고요한 항로: 신호,2010-09-06,2010,Comedy,Science Fiction,KR,ko,127,18+,Nora Bora,Riverglass Pictures,39328221,104949528,2025-02-23,false,"고요한 항로: 신호은(는) comedy 장르의 이야기로, 낯선 선택이 한 공동체의 미래를 바꾸는 과정을 그린다."
MOV0043,Solivane Voyage,고요한 항로: 항해,1995-10-26,1995,Thriller,Documentary,GB,en,100,ALL,Ishan Voss,Riverglass Pictures,35790020,92655013,2025-05-19,false,"고요한 항로: 항해은(는) thriller 장르의 이야기로, 낯선 선택이 한 공동체의 미래를 바꾸는 과정을 그린다."
MOV0044,Solivane Protocol,고요한 항로: 규약,1996-08-08,1996,Science Fiction,Animation,CA,en,161,7+,Sora Calder,Mosaic Frame Lab,47045054,138849258,2021-05-10,false,"고요한 항로: 규약은(는) science fiction 장르의 이야기로, 낯선 선택이 한 공동체의 미래를 바꾸는 과정을 그린다."
MOV0045,Solivane Garden,고요한 항로: 정원,2014-04-13,2014,Romance,Comedy,BR,pt,139,15+,Theo Ren,Mosaic Frame Lab,42633533,153058428,2023-12-30,false,"고요한 항로: 정원은(는) romance 장르의 이야기로, 낯선 선택이 한 공동체의 미래를 바꾸는 과정을 그린다."
MOV0046,Solivane Paradox,고요한 항로: 역설,2024-04-15,2024,Action,Horror,JP,ja,123,15+,Aya Mirel,Copper Kite Media,14409956,21600984,2024-07-09,false,"고요한 항로: 역설은(는) action 장르의 이야기로, 낯선 선택이 한 공동체의 미래를 바꾸는 과정을 그린다."
MOV0047,Solivane Chronicle,고요한 항로: 연대기,2006-04-23,2006,Documentary,Animation,DE,de,71,7+,Ari Vale,Orbit Pine Studio,2395070,2944910,2022-08-08,false,"고요한 항로: 연대기은(는) documentary 장르의 이야기로, 낯선 선택이 한 공동체의 미래를 바꾸는 과정을 그린다."
MOV0048,Solivane Constellation,고요한 항로: 별자리,2013-11-29,2013,Animation,Fantasy,IN,hi,77,ALL,Mina Kwon,Copper Kite Media,44088108,57563956,2023-07-16,false,"고요한 항로: 별자리은(는) animation 장르의 이야기로, 낯선 선택이 한 공동체의 미래를 바꾸는 과정을 그린다."
MOV0049,Solivane Reverie,고요한 항로: 몽상,1998-02-14,1998,Fantasy,Animation,US,en,144,7+,Jun Sarin,Copper Kite Media,13608070,32709105,2023-01-25,false,"고요한 항로: 몽상은(는) fantasy 장르의 이야기로, 낯선 선택이 한 공동체의 미래를 바꾸는 과정을 그린다."
MOV0050,Solivane Crossing,고요한 항로: 교차점,2025-07-15,2025,Horror,Fantasy,FR,fr,142,18+,Lea Neri,Riverglass Pictures,33295944,104736908,2025-12-31,false,"고요한 항로: 교차점은(는) horror 장르의 이야기로, 낯선 선택이 한 공동체의 미래를 바꾸는 과정을 그린다."
MOV0051,Nimbria Archive,안개의 도시: 기록,2016-07-07,2016,Drama,Documentary,IN,hi,116,18+,Nora Voss,Orbit Pine Studio,39698869,49497300,2025-11-18,false,"안개의 도시: 기록은(는) drama 장르의 이야기로, 낯선 선택이 한 공동체의 미래를 바꾸는 과정을 그린다."
MOV0052,Nimbria Signal,안개의 도시: 신호,1999-06-19,1999,Comedy,Romance,US,en,161,7+,Ishan Calder,Mosaic Frame Lab,36872183,94456479,2025-09-28,false,"안개의 도시: 신호은(는) comedy 장르의 이야기로, 낯선 선택이 한 공동체의 미래를 바꾸는 과정을 그린다."
MOV0053,Nimbria Voyage,안개의 도시: 항해,2003-06-03,2003,Thriller,Romance,FR,fr,98,15+,Sora Ren,Northstar Fiction,45638325,247658386,2026-01-12,false,"안개의 도시: 항해은(는) thriller 장르의 이야기로, 낯선 선택이 한 공동체의 미래를 바꾸는 과정을 그린다."
MOV0054,Nimbria Protocol,안개의 도시: 규약,2008-01-22,2008,Science Fiction,Romance,AU,en,107,12+,Theo Mirel,Quiet Comet Studio,51026553,171790993,2025-04-27,false,"안개의 도시: 규약은(는) science fiction 장르의 이야기로, 낯선 선택이 한 공동체의 미래를 바꾸는 과정을 그린다."
MOV0055,Nimbria Garden,안개의 도시: 정원,2017-11-29,2017,Romance,Action,KR,ko,135,12+,Aya Vale,Blue Lantern Works,44259876,184405090,2026-01-26,false,"안개의 도시: 정원은(는) romance 장르의 이야기로, 낯선 선택이 한 공동체의 미래를 바꾸는 과정을 그린다."
MOV0056,Nimbria Paradox,안개의 도시: 역설,1995-04-14,1995,Action,Horror,GB,en,112,ALL,Ari Kwon,Riverglass Pictures,12118905,49865675,2022-09-14,false,"안개의 도시: 역설은(는) action 장르의 이야기로, 낯선 선택이 한 공동체의 미래를 바꾸는 과정을 그린다."
MOV0057,Nimbria Chronicle,안개의 도시: 연대기,2014-06-17,2014,Documentary,Drama,CA,en,99,ALL,Mina Sarin,Northstar Fiction,1459061,5053155,2022-02-16,false,"안개의 도시: 연대기은(는) documentary 장르의 이야기로, 낯선 선택이 한 공동체의 미래를 바꾸는 과정을 그린다."
MOV0058,Nimbria Constellation,안개의 도시: 별자리,2004-06-28,2004,Animation,Comedy,BR,pt,115,15+,Jun Neri,Riverglass Pictures,90360886,344138899,2021-04-28,false,"안개의 도시: 별자리은(는) animation 장르의 이야기로, 낯선 선택이 한 공동체의 미래를 바꾸는 과정을 그린다."
MOV0059,Nimbria Reverie,안개의 도시: 몽상,1999-10-03,1999,Fantasy,Documentary,JP,ja,138,15+,Lea Alden,Cloudberry Films,50975751,189348110,2024-01-30,false,"안개의 도시: 몽상은(는) fantasy 장르의 이야기로, 낯선 선택이 한 공동체의 미래를 바꾸는 과정을 그린다."
MOV0060,Nimbria Crossing,안개의 도시: 교차점,2018-12-21,2018,Horror,Thriller,DE,de,150,ALL,Tomas Bora,Northstar Fiction,52827029,212542181,2026-04-08,false,"안개의 도시: 교차점은(는) horror 장르의 이야기로, 낯선 선택이 한 공동체의 미래를 바꾸는 과정을 그린다."
MOV0061,Orion Vale Archive,오리온 골짜기: 기록,2008-02-25,2008,Drama,Romance,BR,pt,115,15+,Ishan Ren,Blue Lantern Works,31698720,75408976,2021-05-12,false,"오리온 골짜기: 기록은(는) drama 장르의 이야기로, 낯선 선택이 한 공동체의 미래를 바꾸는 과정을 그린다."
MOV0062,Orion Vale Signal,오리온 골짜기: 신호,2008-08-31,2008,Comedy,Romance,JP,ja,149,ALL,Sora Mirel,Northstar Fiction,54935664,64821482,2026-03-11,false,"오리온 골짜기: 신호은(는) comedy 장르의 이야기로, 낯선 선택이 한 공동체의 미래를 바꾸는 과정을 그린다."
MOV0063,Orion Vale Voyage,오리온 골짜기: 항해,1998-03-01,1998,Thriller,Documentary,DE,de,116,ALL,Theo Vale,Orbit Pine Studio,30404400,130792374,2022-12-15,false,"오리온 골짜기: 항해은(는) thriller 장르의 이야기로, 낯선 선택이 한 공동체의 미래를 바꾸는 과정을 그린다."
MOV0064,Orion Vale Protocol,오리온 골짜기: 규약,2023-02-25,2023,Science Fiction,Documentary,IN,hi,132,7+,Aya Kwon,Orbit Pine Studio,9049430,41020710,2025-03-07,false,"오리온 골짜기: 규약은(는) science fiction 장르의 이야기로, 낯선 선택이 한 공동체의 미래를 바꾸는 과정을 그린다."
MOV0065,Orion Vale Garden,오리온 골짜기: 정원,2010-07-26,2010,Romance,Animation,US,en,129,12+,Ari Sarin,Mosaic Frame Lab,55913876,60625560,2024-12-02,false,"오리온 골짜기: 정원은(는) romance 장르의 이야기로, 낯선 선택이 한 공동체의 미래를 바꾸는 과정을 그린다."
MOV0066,Orion Vale Paradox,오리온 골짜기: 역설,2012-09-05,2012,Action,Documentary,FR,fr,158,15+,Mina Neri,Cloudberry Films,46065591,146905125,2021-09-03,false,"오리온 골짜기: 역설은(는) action 장르의 이야기로, 낯선 선택이 한 공동체의 미래를 바꾸는 과정을 그린다."
MOV0067,Orion Vale Chronicle,오리온 골짜기: 연대기,2020-04-18,2020,Documentary,Action,AU,en,109,7+,Jun Alden,Orbit Pine Studio,4035183,20982977,2025-10-11,false,"오리온 골짜기: 연대기은(는) documentary 장르의 이야기로, 낯선 선택이 한 공동체의 미래를 바꾸는 과정을 그린다."
MOV0068,Orion Vale Constellation,오리온 골짜기: 별자리,1999-05-06,1999,Animation,Documentary,KR,ko,117,7+,Lea Bora,Quiet Comet Studio,75847416,314329306,2025-11-24,false,"오리온 골짜기: 별자리은(는) animation 장르의 이야기로, 낯선 선택이 한 공동체의 미래를 바꾸는 과정을 그린다."
MOV0069,Orion Vale Reverie,오리온 골짜기: 몽상,1998-11-11,1998,Fantasy,Animation,GB,en,93,18+,Tomas Voss,Cloudberry Films,36139365,42741520,2022-11-26,false,"오리온 골짜기: 몽상은(는) fantasy 장르의 이야기로, 낯선 선택이 한 공동체의 미래를 바꾸는 과정을 그린다."
MOV0070,Orion Vale Crossing,오리온 골짜기: 교차점,2023-03-01,2023,Horror,Drama,CA,en,108,7+,Nora Calder,Copper Kite Media,46396090,26658475,2025-02-24,false,"오리온 골짜기: 교차점은(는) horror 장르의 이야기로, 낯선 선택이 한 공동체의 미래를 바꾸는 과정을 그린다."
MOV0071,Echohaven Archive,메아리 항구: 기록,2002-10-21,2002,Drama,Fantasy,KR,ko,105,7+,Sora Vale,Blue Lantern Works,7674097,20165424,2021-04-05,false,"메아리 항구: 기록은(는) drama 장르의 이야기로, 낯선 선택이 한 공동체의 미래를 바꾸는 과정을 그린다."
MOV0072,Echohaven Signal,메아리 항구: 신호,2020-09-18,2020,Comedy,Action,GB,en,115,12+,Theo Kwon,Blue Lantern Works,14620928,21086207,2021-12-22,false,"메아리 항구: 신호은(는) comedy 장르의 이야기로, 낯선 선택이 한 공동체의 미래를 바꾸는 과정을 그린다."
MOV0073,Echohaven Voyage,메아리 항구: 항해,2002-10-13,2002,Thriller,Action,CA,en,162,7+,Aya Sarin,Mosaic Frame Lab,54844255,237966281,2022-04-16,false,"메아리 항구: 항해은(는) thriller 장르의 이야기로, 낯선 선택이 한 공동체의 미래를 바꾸는 과정을 그린다."
MOV0074,Echohaven Protocol,메아리 항구: 규약,1999-03-01,1999,Science Fiction,Documentary,BR,pt,140,ALL,Ari Neri,Copper Kite Media,42696968,147214554,2021-02-26,false,"메아리 항구: 규약은(는) science fiction 장르의 이야기로, 낯선 선택이 한 공동체의 미래를 바꾸는 과정을 그린다."
MOV0075,Echohaven Garden,메아리 항구: 정원,2016-09-27,2016,Romance,Drama,JP,ja,116,15+,Mina Alden,Blue Lantern Works,47728093,168068432,2024-01-13,false,"메아리 항구: 정원은(는) romance 장르의 이야기로, 낯선 선택이 한 공동체의 미래를 바꾸는 과정을 그린다."
MOV0076,Echohaven Paradox,메아리 항구: 역설,2019-08-24,2019,Action,Comedy,DE,de,151,18+,Jun Bora,Northstar Fiction,45333619,194120122,2022-03-19,false,"메아리 항구: 역설은(는) action 장르의 이야기로, 낯선 선택이 한 공동체의 미래를 바꾸는 과정을 그린다."
MOV0077,Echohaven Chronicle,메아리 항구: 연대기,2016-10-29,2016,Documentary,Drama,IN,hi,95,12+,Lea Voss,Blue Lantern Works,5539309,31077637,2024-04-18,false,"메아리 항구: 연대기은(는) documentary 장르의 이야기로, 낯선 선택이 한 공동체의 미래를 바꾸는 과정을 그린다."
MOV0078,Echohaven Constellation,메아리 항구: 별자리,2009-06-19,2009,Animation,Drama,US,en,114,15+,Tomas Calder,Blue Lantern Works,80737771,110561904,2025-12-05,false,"메아리 항구: 별자리은(는) animation 장르의 이야기로, 낯선 선택이 한 공동체의 미래를 바꾸는 과정을 그린다."
MOV0079,Echohaven Reverie,메아리 항구: 몽상,2009-09-25,2009,Fantasy,Romance,FR,fr,153,7+,Nora Ren,Riverglass Pictures,48264125,229832510,2023-05-06,false,"메아리 항구: 몽상은(는) fantasy 장르의 이야기로, 낯선 선택이 한 공동체의 미래를 바꾸는 과정을 그린다."
MOV0080,Echohaven Crossing,메아리 항구: 교차점,2018-01-19,2018,Horror,Drama,AU,en,149,7+,Ishan Mirel,Orbit Pine Studio,12142324,45886410,2023-02-27,false,"메아리 항구: 교차점은(는) horror 장르의 이야기로, 낯선 선택이 한 공동체의 미래를 바꾸는 과정을 그린다."
MOV0081,Lumenward Archive,빛의 수호자: 기록,2010-10-04,2010,Drama,Action,US,en,163,18+,Theo Sarin,Blue Lantern Works,7889771,7451684,2024-10-16,false,"빛의 수호자: 기록은(는) drama 장르의 이야기로, 낯선 선택이 한 공동체의 미래를 바꾸는 과정을 그린다."
MOV0082,Lumenward Signal,빛의 수호자: 신호,2005-11-23,2005,Comedy,Science Fiction,FR,fr,144,7+,Aya Neri,Riverglass Pictures,13560088,4827082,2021-02-10,false,"빛의 수호자: 신호은(는) comedy 장르의 이야기로, 낯선 선택이 한 공동체의 미래를 바꾸는 과정을 그린다."
MOV0083,Lumenward Voyage,빛의 수호자: 항해,2005-05-07,2005,Thriller,Romance,AU,en,146,12+,Ari Alden,Blue Lantern Works,45347801,108508623,2021-11-20,false,"빛의 수호자: 항해은(는) thriller 장르의 이야기로, 낯선 선택이 한 공동체의 미래를 바꾸는 과정을 그린다."
MOV0084,Lumenward Protocol,빛의 수호자: 규약,2016-12-26,2016,Science Fiction,Romance,KR,ko,149,18+,Mina Bora,Blue Lantern Works,41160817,133277117,2026-01-15,false,"빛의 수호자: 규약은(는) science fiction 장르의 이야기로, 낯선 선택이 한 공동체의 미래를 바꾸는 과정을 그린다."
MOV0085,Lumenward Garden,빛의 수호자: 정원,1995-06-21,1995,Romance,Documentary,GB,en,126,7+,Jun Voss,Northstar Fiction,53779859,323318961,2026-03-18,false,"빛의 수호자: 정원은(는) romance 장르의 이야기로, 낯선 선택이 한 공동체의 미래를 바꾸는 과정을 그린다."
MOV0086,Lumenward Paradox,빛의 수호자: 역설,1998-08-12,1998,Action,Romance,CA,en,131,7+,Lea Calder,Blue Lantern Works,49533984,185389785,2023-01-18,false,"빛의 수호자: 역설은(는) action 장르의 이야기로, 낯선 선택이 한 공동체의 미래를 바꾸는 과정을 그린다."
MOV0087,Lumenward Chronicle,빛의 수호자: 연대기,2024-10-01,2024,Documentary,Drama,BR,pt,98,18+,Tomas Ren,Copper Kite Media,5877350,29710742,2024-10-01,true,"빛의 수호자: 연대기은(는) documentary 장르의 이야기로, 낯선 선택이 한 공동체의 미래를 바꾸는 과정을 그린다."
MOV0088,Lumenward Constellation,빛의 수호자: 별자리,2007-08-09,2007,Animation,Science Fiction,JP,ja,102,15+,Nora Mirel,Mosaic Frame Lab,52638087,242803252,2021-09-29,false,"빛의 수호자: 별자리은(는) animation 장르의 이야기로, 낯선 선택이 한 공동체의 미래를 바꾸는 과정을 그린다."
MOV0089,Lumenward Reverie,빛의 수호자: 몽상,2006-07-24,2006,Fantasy,Science Fiction,DE,de,130,7+,Ishan Vale,Riverglass Pictures,27465606,62574878,2025-01-14,false,"빛의 수호자: 몽상은(는) fantasy 장르의 이야기로, 낯선 선택이 한 공동체의 미래를 바꾸는 과정을 그린다."
MOV0090,Lumenward Crossing,빛의 수호자: 교차점,2015-12-29,2015,Horror,Science Fiction,IN,hi,120,7+,Sora Kwon,Blue Lantern Works,33176207,147463974,2022-01-05,false,"빛의 수호자: 교차점은(는) horror 장르의 이야기로, 낯선 선택이 한 공동체의 미래를 바꾸는 과정을 그린다."
MOV0091,Ravenspire Archive,까마귀 첨탑: 기록,2024-09-05,2024,Drama,Romance,JP,ja,115,12+,Aya Alden,Blue Lantern Works,29100525,62192465,2025-04-09,false,"까마귀 첨탑: 기록은(는) drama 장르의 이야기로, 낯선 선택이 한 공동체의 미래를 바꾸는 과정을 그린다."
MOV0092,Ravenspire Signal,까마귀 첨탑: 신호,1995-11-02,1995,Comedy,Action,DE,de,114,7+,Ari Bora,Mosaic Frame Lab,34957494,72643631,2022-05-19,false,"까마귀 첨탑: 신호은(는) comedy 장르의 이야기로, 낯선 선택이 한 공동체의 미래를 바꾸는 과정을 그린다."
MOV0093,Ravenspire Voyage,까마귀 첨탑: 항해,2009-06-22,2009,Thriller,Action,IN,hi,114,12+,Mina Voss,Mosaic Frame Lab,18106136,35872084,2023-11-17,false,"까마귀 첨탑: 항해은(는) thriller 장르의 이야기로, 낯선 선택이 한 공동체의 미래를 바꾸는 과정을 그린다."
MOV0094,Ravenspire Protocol,까마귀 첨탑: 규약,2006-04-11,2006,Science Fiction,Comedy,US,en,128,ALL,Jun Calder,Northstar Fiction,15449821,82051034,2024-01-19,false,"까마귀 첨탑: 규약은(는) science fiction 장르의 이야기로, 낯선 선택이 한 공동체의 미래를 바꾸는 과정을 그린다."
MOV0095,Ravenspire Garden,까마귀 첨탑: 정원,1995-09-23,1995,Romance,Horror,FR,fr,92,12+,Lea Ren,Riverglass Pictures,18512598,76240780,2025-10-02,false,"까마귀 첨탑: 정원은(는) romance 장르의 이야기로, 낯선 선택이 한 공동체의 미래를 바꾸는 과정을 그린다."
MOV0096,Ravenspire Paradox,까마귀 첨탑: 역설,2003-02-07,2003,Action,Romance,AU,en,114,18+,Tomas Mirel,Quiet Comet Studio,21744727,106066835,2022-01-04,false,"까마귀 첨탑: 역설은(는) action 장르의 이야기로, 낯선 선택이 한 공동체의 미래를 바꾸는 과정을 그린다."
MOV0097,Ravenspire Chronicle,까마귀 첨탑: 연대기,2025-08-07,2025,Documentary,Horror,KR,ko,75,15+,Nora Vale,Northstar Fiction,2688268,6214379,2025-12-03,false,"까마귀 첨탑: 연대기은(는) documentary 장르의 이야기로, 낯선 선택이 한 공동체의 미래를 바꾸는 과정을 그린다."
MOV0098,Ravenspire Constellation,까마귀 첨탑: 별자리,2025-08-15,2025,Animation,Horror,GB,en,106,7+,Ishan Kwon,Quiet Comet Studio,136202367,475698185,2026-02-13,false,"까마귀 첨탑: 별자리은(는) animation 장르의 이야기로, 낯선 선택이 한 공동체의 미래를 바꾸는 과정을 그린다."
MOV0099,Ravenspire Reverie,까마귀 첨탑: 몽상,2017-12-18,2017,Fantasy,Drama,CA,en,130,ALL,Sora Sarin,Blue Lantern Works,49241251,261372401,2025-06-02,false,"까마귀 첨탑: 몽상은(는) fantasy 장르의 이야기로, 낯선 선택이 한 공동체의 미래를 바꾸는 과정을 그린다."
MOV0100,Ravenspire Crossing,까마귀 첨탑: 교차점,2012-02-07,2012,Horror,Drama,BR,pt,114,12+,Theo Neri,Orbit Pine Studio,42562042,140541525,2025-01-10,false,"까마귀 첨탑: 교차점은(는) horror 장르의 이야기로, 낯선 선택이 한 공동체의 미래를 바꾸는 과정을 그린다."
MOV0101,Tidal Ember Archive,파도의 불씨: 기록,2006-10-22,2006,Drama,Horror,GB,en,149,12+,Ari Voss,Copper Kite Media,20220948,26901634,2023-02-28,false,"파도의 불씨: 기록은(는) drama 장르의 이야기로, 낯선 선택이 한 공동체의 미래를 바꾸는 과정을 그린다."
MOV0102,Tidal Ember Signal,파도의 불씨: 신호,2003-01-25,2003,Comedy,Horror,CA,en,92,ALL,Mina Calder,Riverglass Pictures,34863794,111044626,2023-03-23,false,"파도의 불씨: 신호은(는) comedy 장르의 이야기로, 낯선 선택이 한 공동체의 미래를 바꾸는 과정을 그린다."
MOV0103,Tidal Ember Voyage,파도의 불씨: 항해,2011-01-14,2011,Thriller,Action,BR,pt,101,15+,Jun Ren,Mosaic Frame Lab,19096032,69563746,2024-10-16,false,"파도의 불씨: 항해은(는) thriller 장르의 이야기로, 낯선 선택이 한 공동체의 미래를 바꾸는 과정을 그린다."
MOV0104,Tidal Ember Protocol,파도의 불씨: 규약,2025-07-31,2025,Science Fiction,Documentary,JP,ja,163,7+,Lea Mirel,Mosaic Frame Lab,39917105,172830789,2025-11-10,false,"파도의 불씨: 규약은(는) science fiction 장르의 이야기로, 낯선 선택이 한 공동체의 미래를 바꾸는 과정을 그린다."
MOV0105,Tidal Ember Garden,파도의 불씨: 정원,2008-03-20,2008,Romance,Fantasy,DE,de,112,ALL,Tomas Vale,Blue Lantern Works,7044296,18466004,2024-01-27,false,"파도의 불씨: 정원은(는) romance 장르의 이야기로, 낯선 선택이 한 공동체의 미래를 바꾸는 과정을 그린다."
MOV0106,Tidal Ember Paradox,파도의 불씨: 역설,2002-05-18,2002,Action,Horror,IN,hi,117,ALL,Nora Kwon,Blue Lantern Works,49984388,55948448,2025-10-10,false,"파도의 불씨: 역설은(는) action 장르의 이야기로, 낯선 선택이 한 공동체의 미래를 바꾸는 과정을 그린다."
MOV0107,Tidal Ember Chronicle,파도의 불씨: 연대기,2009-09-28,2009,Documentary,Thriller,US,en,98,7+,Ishan Sarin,Quiet Comet Studio,5881734,30542698,2024-12-31,false,"파도의 불씨: 연대기은(는) documentary 장르의 이야기로, 낯선 선택이 한 공동체의 미래를 바꾸는 과정을 그린다."
MOV0108,Tidal Ember Constellation,파도의 불씨: 별자리,2025-10-19,2025,Animation,Romance,FR,fr,117,ALL,Sora Neri,Orbit Pine Studio,57505766,147955709,2026-04-24,false,"파도의 불씨: 별자리은(는) animation 장르의 이야기로, 낯선 선택이 한 공동체의 미래를 바꾸는 과정을 그린다."
MOV0109,Tidal Ember Reverie,파도의 불씨: 몽상,2007-08-23,2007,Fantasy,Comedy,AU,en,128,ALL,Theo Alden,Blue Lantern Works,21891228,67864677,2025-03-07,false,"파도의 불씨: 몽상은(는) fantasy 장르의 이야기로, 낯선 선택이 한 공동체의 미래를 바꾸는 과정을 그린다."
MOV0110,Tidal Ember Crossing,파도의 불씨: 교차점,2019-02-12,2019,Horror,Comedy,KR,ko,156,7+,Aya Bora,Quiet Comet Studio,47446327,55603190,2026-04-06,false,"파도의 불씨: 교차점은(는) horror 장르의 이야기로, 낯선 선택이 한 공동체의 미래를 바꾸는 과정을 그린다."
MOV0111,Novafield Archive,새별 들판: 기록,1995-11-23,1995,Drama,Romance,FR,fr,101,12+,Mina Ren,Quiet Comet Studio,43660046,22697364,2021-04-08,false,"새별 들판: 기록은(는) drama 장르의 이야기로, 낯선 선택이 한 공동체의 미래를 바꾸는 과정을 그린다."
MOV0112,Novafield Signal,새별 들판: 신호,2003-12-01,2003,Comedy,Science Fiction,AU,en,108,18+,Jun Mirel,Copper Kite Media,34803995,88885217,2021-04-13,false,"새별 들판: 신호은(는) comedy 장르의 이야기로, 낯선 선택이 한 공동체의 미래를 바꾸는 과정을 그린다."
MOV0113,Novafield Voyage,새별 들판: 항해,1998-10-25,1998,Thriller,Horror,KR,ko,146,ALL,Lea Vale,Northstar Fiction,16503549,60086783,2025-10-09,false,"새별 들판: 항해은(는) thriller 장르의 이야기로, 낯선 선택이 한 공동체의 미래를 바꾸는 과정을 그린다."
MOV0114,Novafield Protocol,새별 들판: 규약,2003-05-24,2003,Science Fiction,Drama,GB,en,110,12+,Tomas Kwon,Quiet Comet Studio,15406337,54629322,2024-10-27,false,"새별 들판: 규약은(는) science fiction 장르의 이야기로, 낯선 선택이 한 공동체의 미래를 바꾸는 과정을 그린다."
MOV0115,Novafield Garden,새별 들판: 정원,1996-11-27,1996,Romance,Horror,CA,en,146,12+,Nora Sarin,Quiet Comet Studio,40513191,44108555,2022-11-01,false,"새별 들판: 정원은(는) romance 장르의 이야기로, 낯선 선택이 한 공동체의 미래를 바꾸는 과정을 그린다."
MOV0116,Novafield Paradox,새별 들판: 역설,2022-04-17,2022,Action,Drama,BR,pt,114,7+,Ishan Neri,Cloudberry Films,51699025,63285816,2022-09-16,false,"새별 들판: 역설은(는) action 장르의 이야기로, 낯선 선택이 한 공동체의 미래를 바꾸는 과정을 그린다."
MOV0117,Novafield Chronicle,새별 들판: 연대기,2025-02-11,2025,Documentary,Thriller,JP,ja,81,ALL,Sora Alden,Northstar Fiction,2681879,13582836,2025-07-11,false,"새별 들판: 연대기은(는) documentary 장르의 이야기로, 낯선 선택이 한 공동체의 미래를 바꾸는 과정을 그린다."
MOV0118,Novafield Constellation,새별 들판: 별자리,2005-10-02,2005,Animation,Fantasy,DE,de,103,12+,Theo Bora,Orbit Pine Studio,135907780,460291314,2026-04-25,false,"새별 들판: 별자리은(는) animation 장르의 이야기로, 낯선 선택이 한 공동체의 미래를 바꾸는 과정을 그린다."
MOV0119,Novafield Reverie,새별 들판: 몽상,2007-06-05,2007,Fantasy,Thriller,IN,hi,136,15+,Aya Voss,Riverglass Pictures,26226941,31332411,2023-02-15,false,"새별 들판: 몽상은(는) fantasy 장르의 이야기로, 낯선 선택이 한 공동체의 미래를 바꾸는 과정을 그린다."
MOV0120,Novafield Crossing,새별 들판: 교차점,2018-02-01,2018,Horror,Action,US,en,94,7+,Ari Calder,Cloudberry Films,24398028,105323541,2023-08-30,false,"새별 들판: 교차점은(는) horror 장르의 이야기로, 낯선 선택이 한 공동체의 미래를 바꾸는 과정을 그린다."
MOV0121,Kestrel Dawn Archive,황조롱이의 새벽: 기록,2024-11-24,2024,Drama,Thriller,DE,de,119,15+,Jun Vale,Riverglass Pictures,24992910,47362249,2025-05-06,false,"황조롱이의 새벽: 기록은(는) drama 장르의 이야기로, 낯선 선택이 한 공동체의 미래를 바꾸는 과정을 그린다."
MOV0122,Kestrel Dawn Signal,황조롱이의 새벽: 신호,2012-12-22,2012,Comedy,Action,IN,hi,132,18+,Lea Kwon,Blue Lantern Works,8661612,13916239,2024-10-17,false,"황조롱이의 새벽: 신호은(는) comedy 장르의 이야기로, 낯선 선택이 한 공동체의 미래를 바꾸는 과정을 그린다."
MOV0123,Kestrel Dawn Voyage,황조롱이의 새벽: 항해,2017-12-06,2017,Thriller,Drama,US,en,103,7+,Tomas Sarin,Northstar Fiction,11495556,20330008,2021-09-24,false,"황조롱이의 새벽: 항해은(는) thriller 장르의 이야기로, 낯선 선택이 한 공동체의 미래를 바꾸는 과정을 그린다."
MOV0124,Kestrel Dawn Protocol,황조롱이의 새벽: 규약,2008-07-22,2008,Science Fiction,Action,FR,fr,96,7+,Nora Neri,Riverglass Pictures,27298378,93891545,2024-10-10,false,"황조롱이의 새벽: 규약은(는) science fiction 장르의 이야기로, 낯선 선택이 한 공동체의 미래를 바꾸는 과정을 그린다."
MOV0125,Kestrel Dawn Garden,황조롱이의 새벽: 정원,2020-09-21,2020,Romance,Thriller,AU,en,91,ALL,Ishan Alden,Orbit Pine Studio,28653448,38361435,2024-11-30,false,"황조롱이의 새벽: 정원은(는) romance 장르의 이야기로, 낯선 선택이 한 공동체의 미래를 바꾸는 과정을 그린다."
MOV0126,Kestrel Dawn Paradox,황조롱이의 새벽: 역설,2002-05-19,2002,Action,Horror,KR,ko,151,ALL,Sora Bora,Quiet Comet Studio,8228631,6140211,2025-12-27,false,"황조롱이의 새벽: 역설은(는) action 장르의 이야기로, 낯선 선택이 한 공동체의 미래를 바꾸는 과정을 그린다."
MOV0127,Kestrel Dawn Chronicle,황조롱이의 새벽: 연대기,2003-07-03,2003,Documentary,Action,GB,en,103,18+,Theo Voss,Blue Lantern Works,3321276,14753842,2021-12-31,false,"황조롱이의 새벽: 연대기은(는) documentary 장르의 이야기로, 낯선 선택이 한 공동체의 미래를 바꾸는 과정을 그린다."
MOV0128,Kestrel Dawn Constellation,황조롱이의 새벽: 별자리,2018-03-18,2018,Animation,Fantasy,CA,en,91,7+,Aya Calder,Blue Lantern Works,106166127,288396795,2021-11-27,false,"황조롱이의 새벽: 별자리은(는) animation 장르의 이야기로, 낯선 선택이 한 공동체의 미래를 바꾸는 과정을 그린다."
MOV0129,Kestrel Dawn Reverie,황조롱이의 새벽: 몽상,2015-01-21,2015,Fantasy,Drama,BR,pt,133,ALL,Ari Ren,Copper Kite Media,7930189,24167744,2024-11-24,false,"황조롱이의 새벽: 몽상은(는) fantasy 장르의 이야기로, 낯선 선택이 한 공동체의 미래를 바꾸는 과정을 그린다."
MOV0130,Kestrel Dawn Crossing,황조롱이의 새벽: 교차점,2015-08-24,2015,Horror,Documentary,JP,ja,126,7+,Mina Mirel,Quiet Comet Studio,18948900,95204053,2021-04-17,false,"황조롱이의 새벽: 교차점은(는) horror 장르의 이야기로, 낯선 선택이 한 공동체의 미래를 바꾸는 과정을 그린다."
MOV0131,Morrowglass Archive,내일의 유리: 기록,2006-01-26,2006,Drama,Animation,CA,en,109,18+,Lea Sarin,Orbit Pine Studio,19697670,33853541,2022-10-24,false,"내일의 유리: 기록은(는) drama 장르의 이야기로, 낯선 선택이 한 공동체의 미래를 바꾸는 과정을 그린다."
MOV0132,Morrowglass Signal,내일의 유리: 신호,2018-02-27,2018,Comedy,Romance,BR,pt,96,7+,Tomas Neri,Quiet Comet Studio,25537924,35951642,2023-03-31,false,"내일의 유리: 신호은(는) comedy 장르의 이야기로, 낯선 선택이 한 공동체의 미래를 바꾸는 과정을 그린다."
MOV0133,Morrowglass Voyage,내일의 유리: 항해,2022-12-08,2022,Thriller,Action,JP,ja,144,7+,Nora Alden,Cloudberry Films,54034438,47415103,2022-12-08,true,"내일의 유리: 항해은(는) thriller 장르의 이야기로, 낯선 선택이 한 공동체의 미래를 바꾸는 과정을 그린다."
MOV0134,Morrowglass Protocol,내일의 유리: 규약,2003-10-25,2003,Science Fiction,Comedy,DE,de,101,18+,Ishan Bora,Northstar Fiction,15225817,52933262,2021-11-25,false,"내일의 유리: 규약은(는) science fiction 장르의 이야기로, 낯선 선택이 한 공동체의 미래를 바꾸는 과정을 그린다."
MOV0135,Morrowglass Garden,내일의 유리: 정원,1999-08-21,1999,Romance,Fantasy,IN,hi,138,ALL,Sora Voss,Northstar Fiction,21353576,122417014,2024-12-02,false,"내일의 유리: 정원은(는) romance 장르의 이야기로, 낯선 선택이 한 공동체의 미래를 바꾸는 과정을 그린다."
MOV0136,Morrowglass Paradox,내일의 유리: 역설,2009-08-19,2009,Action,Documentary,US,en,145,15+,Theo Calder,Cloudberry Films,54444480,131569460,2024-03-28,false,"내일의 유리: 역설은(는) action 장르의 이야기로, 낯선 선택이 한 공동체의 미래를 바꾸는 과정을 그린다."
MOV0137,Morrowglass Chronicle,내일의 유리: 연대기,2010-07-20,2010,Documentary,Thriller,FR,fr,92,ALL,Aya Ren,Orbit Pine Studio,4021909,20347599,2025-04-19,false,"내일의 유리: 연대기은(는) documentary 장르의 이야기로, 낯선 선택이 한 공동체의 미래를 바꾸는 과정을 그린다."
MOV0138,Morrowglass Constellation,내일의 유리: 별자리,2010-10-24,2010,Animation,Romance,AU,en,89,15+,Ari Mirel,Riverglass Pictures,93163815,137607686,2023-11-11,false,"내일의 유리: 별자리은(는) animation 장르의 이야기로, 낯선 선택이 한 공동체의 미래를 바꾸는 과정을 그린다."
MOV0139,Morrowglass Reverie,내일의 유리: 몽상,2000-06-22,2000,Fantasy,Documentary,KR,ko,107,7+,Mina Vale,Northstar Fiction,10164545,14285050,2022-04-28,false,"내일의 유리: 몽상은(는) fantasy 장르의 이야기로, 낯선 선택이 한 공동체의 미래를 바꾸는 과정을 그린다."
MOV0140,Morrowglass Crossing,내일의 유리: 교차점,2024-10-02,2024,Horror,Science Fiction,GB,en,125,7+,Jun Kwon,Cloudberry Films,40382495,92617849,2024-10-02,true,"내일의 유리: 교차점은(는) horror 장르의 이야기로, 낯선 선택이 한 공동체의 미래를 바꾸는 과정을 그린다."
MOV0141,Silver Meridian Archive,은빛 자오선: 기록,2020-08-09,2020,Drama,Comedy,AU,en,99,ALL,Tomas Alden,Orbit Pine Studio,54669441,101867798,2024-08-23,false,"은빛 자오선: 기록은(는) drama 장르의 이야기로, 낯선 선택이 한 공동체의 미래를 바꾸는 과정을 그린다."
MOV0142,Silver Meridian Signal,은빛 자오선: 신호,2009-03-11,2009,Comedy,Fantasy,KR,ko,141,ALL,Nora Bora,Mosaic Frame Lab,32951223,182322075,2023-11-22,false,"은빛 자오선: 신호은(는) comedy 장르의 이야기로, 낯선 선택이 한 공동체의 미래를 바꾸는 과정을 그린다."
MOV0143,Silver Meridian Voyage,은빛 자오선: 항해,2004-04-22,2004,Thriller,Action,GB,en,105,7+,Ishan Voss,Quiet Comet Studio,31277164,30647724,2025-05-25,false,"은빛 자오선: 항해은(는) thriller 장르의 이야기로, 낯선 선택이 한 공동체의 미래를 바꾸는 과정을 그린다."
MOV0144,Silver Meridian Protocol,은빛 자오선: 규약,2008-09-21,2008,Science Fiction,Drama,CA,en,163,7+,Sora Calder,Orbit Pine Studio,27698508,38930147,2023-08-19,false,"은빛 자오선: 규약은(는) science fiction 장르의 이야기로, 낯선 선택이 한 공동체의 미래를 바꾸는 과정을 그린다."
MOV0145,Silver Meridian Garden,은빛 자오선: 정원,2021-08-21,2021,Romance,Animation,BR,pt,136,7+,Theo Ren,Riverglass Pictures,31401998,176553896,2023-04-06,false,"은빛 자오선: 정원은(는) romance 장르의 이야기로, 낯선 선택이 한 공동체의 미래를 바꾸는 과정을 그린다."
MOV0146,Silver Meridian Paradox,은빛 자오선: 역설,2023-10-09,2023,Action,Comedy,JP,ja,145,ALL,Aya Mirel,Northstar Fiction,55187502,294755063,2025-07-31,false,"은빛 자오선: 역설은(는) action 장르의 이야기로, 낯선 선택이 한 공동체의 미래를 바꾸는 과정을 그린다."
MOV0147,Silver Meridian Chronicle,은빛 자오선: 연대기,2013-02-14,2013,Documentary,Action,DE,de,83,7+,Ari Vale,Blue Lantern Works,3811073,8822974,2024-08-20,false,"은빛 자오선: 연대기은(는) documentary 장르의 이야기로, 낯선 선택이 한 공동체의 미래를 바꾸는 과정을 그린다."
MOV0148,Silver Meridian Constellation,은빛 자오선: 별자리,1997-04-16,1997,Animation,Drama,IN,hi,115,18+,Mina Kwon,Blue Lantern Works,101220710,492040224,2023-03-22,false,"은빛 자오선: 별자리은(는) animation 장르의 이야기로, 낯선 선택이 한 공동체의 미래를 바꾸는 과정을 그린다."
MOV0149,Silver Meridian Reverie,은빛 자오선: 몽상,2015-02-11,2015,Fantasy,Thriller,US,en,142,18+,Jun Sarin,Quiet Comet Studio,30538940,141463027,2022-03-26,false,"은빛 자오선: 몽상은(는) fantasy 장르의 이야기로, 낯선 선택이 한 공동체의 미래를 바꾸는 과정을 그린다."
MOV0150,Silver Meridian Crossing,은빛 자오선: 교차점,2020-03-25,2020,Horror,Action,FR,fr,124,12+,Lea Neri,Copper Kite Media,28891149,141122138,2025-06-18,false,"은빛 자오선: 교차점은(는) horror 장르의 이야기로, 낯선 선택이 한 공동체의 미래를 바꾸는 과정을 그린다."
MOV0151,Amber Circuit Archive,호박빛 회로: 기록,2007-07-14,2007,Drama,Action,IN,hi,93,15+,Nora Voss,Orbit Pine Studio,39681061,244850196,2021-12-02,false,"호박빛 회로: 기록은(는) drama 장르의 이야기로, 낯선 선택이 한 공동체의 미래를 바꾸는 과정을 그린다."
MOV0152,Amber Circuit Signal,호박빛 회로: 신호,2002-06-26,2002,Comedy,Action,US,en,125,ALL,Ishan Calder,Northstar Fiction,10756286,42091081,2023-11-18,false,"호박빛 회로: 신호은(는) comedy 장르의 이야기로, 낯선 선택이 한 공동체의 미래를 바꾸는 과정을 그린다."
MOV0153,Amber Circuit Voyage,호박빛 회로: 항해,2022-03-23,2022,Thriller,Documentary,FR,fr,144,18+,Sora Ren,Cloudberry Films,10579378,32913757,2022-03-23,true,"호박빛 회로: 항해은(는) thriller 장르의 이야기로, 낯선 선택이 한 공동체의 미래를 바꾸는 과정을 그린다."
MOV0154,Amber Circuit Protocol,호박빛 회로: 규약,2012-12-04,2012,Science Fiction,Action,AU,en,123,15+,Theo Mirel,Northstar Fiction,8154139,2471477,2023-08-25,false,"호박빛 회로: 규약은(는) science fiction 장르의 이야기로, 낯선 선택이 한 공동체의 미래를 바꾸는 과정을 그린다."
MOV0155,Amber Circuit Garden,호박빛 회로: 정원,2004-11-08,2004,Romance,Animation,KR,ko,122,18+,Aya Vale,Copper Kite Media,54754787,242016732,2023-10-07,false,"호박빛 회로: 정원은(는) romance 장르의 이야기로, 낯선 선택이 한 공동체의 미래를 바꾸는 과정을 그린다."
MOV0156,Amber Circuit Paradox,호박빛 회로: 역설,2021-08-15,2021,Action,Comedy,GB,en,97,15+,Ari Kwon,Northstar Fiction,47806187,77595082,2021-10-27,false,"호박빛 회로: 역설은(는) action 장르의 이야기로, 낯선 선택이 한 공동체의 미래를 바꾸는 과정을 그린다."
MOV0157,Amber Circuit Chronicle,호박빛 회로: 연대기,1999-01-13,1999,Documentary,Romance,CA,en,75,7+,Mina Sarin,Quiet Comet Studio,6348106,16788079,2023-03-18,false,"호박빛 회로: 연대기은(는) documentary 장르의 이야기로, 낯선 선택이 한 공동체의 미래를 바꾸는 과정을 그린다."
MOV0158,Amber Circuit Constellation,호박빛 회로: 별자리,1999-02-13,1999,Animation,Action,BR,pt,98,ALL,Jun Neri,Copper Kite Media,117416349,139444111,2024-02-22,false,"호박빛 회로: 별자리은(는) animation 장르의 이야기로, 낯선 선택이 한 공동체의 미래를 바꾸는 과정을 그린다."
MOV0159,Amber Circuit Reverie,호박빛 회로: 몽상,1995-05-24,1995,Fantasy,Animation,JP,ja,136,ALL,Lea Alden,Copper Kite Media,38944425,224205943,2021-07-20,false,"호박빛 회로: 몽상은(는) fantasy 장르의 이야기로, 낯선 선택이 한 공동체의 미래를 바꾸는 과정을 그린다."
MOV0160,Amber Circuit Crossing,호박빛 회로: 교차점,2024-02-10,2024,Horror,Science Fiction,DE,de,106,18+,Tomas Bora,Mosaic Frame Lab,26568923,108771968,2024-10-18,false,"호박빛 회로: 교차점은(는) horror 장르의 이야기로, 낯선 선택이 한 공동체의 미래를 바꾸는 과정을 그린다."
MOV0161,Hollow Prism Archive,빈 프리즘: 기록,2012-08-15,2012,Drama,Horror,BR,pt,151,12+,Ishan Ren,Blue Lantern Works,52954578,122811356,2023-10-13,false,"빈 프리즘: 기록은(는) drama 장르의 이야기로, 낯선 선택이 한 공동체의 미래를 바꾸는 과정을 그린다."
MOV0162,Hollow Prism Signal,빈 프리즘: 신호,2021-09-21,2021,Comedy,Fantasy,JP,ja,143,7+,Sora Mirel,Northstar Fiction,37783266,120045974,2025-01-21,false,"빈 프리즘: 신호은(는) comedy 장르의 이야기로, 낯선 선택이 한 공동체의 미래를 바꾸는 과정을 그린다."
MOV0163,Hollow Prism Voyage,빈 프리즘: 항해,2001-02-22,2001,Thriller,Fantasy,DE,de,124,ALL,Theo Vale,Orbit Pine Studio,46875865,240512967,2025-05-30,false,"빈 프리즘: 항해은(는) thriller 장르의 이야기로, 낯선 선택이 한 공동체의 미래를 바꾸는 과정을 그린다."
MOV0164,Hollow Prism Protocol,빈 프리즘: 규약,2012-09-02,2012,Science Fiction,Thriller,IN,hi,130,15+,Aya Kwon,Mosaic Frame Lab,42903584,183666035,2024-05-11,false,"빈 프리즘: 규약은(는) science fiction 장르의 이야기로, 낯선 선택이 한 공동체의 미래를 바꾸는 과정을 그린다."
MOV0165,Hollow Prism Garden,빈 프리즘: 정원,2008-06-12,2008,Romance,Fantasy,US,en,122,18+,Ari Sarin,Orbit Pine Studio,31986434,120588880,2025-02-02,false,"빈 프리즘: 정원은(는) romance 장르의 이야기로, 낯선 선택이 한 공동체의 미래를 바꾸는 과정을 그린다."
MOV0166,Hollow Prism Paradox,빈 프리즘: 역설,2003-01-08,2003,Action,Science Fiction,FR,fr,144,ALL,Mina Neri,Mosaic Frame Lab,33722036,140639853,2025-07-19,false,"빈 프리즘: 역설은(는) action 장르의 이야기로, 낯선 선택이 한 공동체의 미래를 바꾸는 과정을 그린다."
MOV0167,Hollow Prism Chronicle,빈 프리즘: 연대기,2009-11-24,2009,Documentary,Action,AU,en,77,15+,Jun Alden,Riverglass Pictures,2982668,8049375,2021-10-09,false,"빈 프리즘: 연대기은(는) documentary 장르의 이야기로, 낯선 선택이 한 공동체의 미래를 바꾸는 과정을 그린다."
MOV0168,Hollow Prism Constellation,빈 프리즘: 별자리,2004-11-13,2004,Animation,Thriller,KR,ko,97,15+,Lea Bora,Blue Lantern Works,72605779,37877230,2021-08-05,false,"빈 프리즘: 별자리은(는) animation 장르의 이야기로, 낯선 선택이 한 공동체의 미래를 바꾸는 과정을 그린다."
MOV0169,Hollow Prism Reverie,빈 프리즘: 몽상,2014-03-11,2014,Fantasy,Thriller,GB,en,152,15+,Tomas Voss,Quiet Comet Studio,12239792,22911104,2026-04-08,false,"빈 프리즘: 몽상은(는) fantasy 장르의 이야기로, 낯선 선택이 한 공동체의 미래를 바꾸는 과정을 그린다."
MOV0170,Hollow Prism Crossing,빈 프리즘: 교차점,2020-05-21,2020,Horror,Science Fiction,CA,en,109,12+,Nora Calder,Orbit Pine Studio,47345359,20753541,2021-02-22,false,"빈 프리즘: 교차점은(는) horror 장르의 이야기로, 낯선 선택이 한 공동체의 미래를 바꾸는 과정을 그린다."
MOV0171,Winter Atlas Archive,겨울 지도: 기록,2018-07-21,2018,Drama,Action,KR,ko,128,ALL,Sora Vale,Riverglass Pictures,15574454,48588418,2023-11-25,false,"겨울 지도: 기록은(는) drama 장르의 이야기로, 낯선 선택이 한 공동체의 미래를 바꾸는 과정을 그린다."
MOV0172,Winter Atlas Signal,겨울 지도: 신호,2008-02-08,2008,Comedy,Documentary,GB,en,135,7+,Theo Kwon,Blue Lantern Works,50555325,118826738,2026-04-13,false,"겨울 지도: 신호은(는) comedy 장르의 이야기로, 낯선 선택이 한 공동체의 미래를 바꾸는 과정을 그린다."
MOV0173,Winter Atlas Voyage,겨울 지도: 항해,2020-08-04,2020,Thriller,Comedy,CA,en,136,18+,Aya Sarin,Riverglass Pictures,17636448,52363442,2022-04-01,false,"겨울 지도: 항해은(는) thriller 장르의 이야기로, 낯선 선택이 한 공동체의 미래를 바꾸는 과정을 그린다."
MOV0174,Winter Atlas Protocol,겨울 지도: 규약,1995-03-30,1995,Science Fiction,Thriller,BR,pt,129,ALL,Ari Neri,Copper Kite Media,24307039,136901145,2021-05-14,false,"겨울 지도: 규약은(는) science fiction 장르의 이야기로, 낯선 선택이 한 공동체의 미래를 바꾸는 과정을 그린다."
MOV0175,Winter Atlas Garden,겨울 지도: 정원,2014-06-09,2014,Romance,Horror,JP,ja,114,7+,Mina Alden,Quiet Comet Studio,51992195,125685935,2024-09-21,false,"겨울 지도: 정원은(는) romance 장르의 이야기로, 낯선 선택이 한 공동체의 미래를 바꾸는 과정을 그린다."
MOV0176,Winter Atlas Paradox,겨울 지도: 역설,2022-10-31,2022,Action,Science Fiction,DE,de,145,15+,Jun Bora,Quiet Comet Studio,45669868,168243480,2024-01-07,false,"겨울 지도: 역설은(는) action 장르의 이야기로, 낯선 선택이 한 공동체의 미래를 바꾸는 과정을 그린다."
MOV0177,Winter Atlas Chronicle,겨울 지도: 연대기,2003-08-11,2003,Documentary,Horror,IN,hi,71,12+,Lea Voss,Copper Kite Media,1995070,495023,2022-08-28,false,"겨울 지도: 연대기은(는) documentary 장르의 이야기로, 낯선 선택이 한 공동체의 미래를 바꾸는 과정을 그린다."
MOV0178,Winter Atlas Constellation,겨울 지도: 별자리,1995-09-06,1995,Animation,Action,US,en,116,ALL,Tomas Calder,Northstar Fiction,142743169,179244763,2026-03-28,false,"겨울 지도: 별자리은(는) animation 장르의 이야기로, 낯선 선택이 한 공동체의 미래를 바꾸는 과정을 그린다."
MOV0179,Winter Atlas Reverie,겨울 지도: 몽상,2014-04-28,2014,Fantasy,Comedy,FR,fr,130,ALL,Nora Ren,Riverglass Pictures,22877456,85354007,2023-08-06,false,"겨울 지도: 몽상은(는) fantasy 장르의 이야기로, 낯선 선택이 한 공동체의 미래를 바꾸는 과정을 그린다."
MOV0180,Winter Atlas Crossing,겨울 지도: 교차점,2007-10-01,2007,Horror,Documentary,AU,en,149,ALL,Ishan Mirel,Blue Lantern Works,29563692,163947824,2023-03-24,false,"겨울 지도: 교차점은(는) horror 장르의 이야기로, 낯선 선택이 한 공동체의 미래를 바꾸는 과정을 그린다."
MOV0181,Jade Frequency Archive,비취 주파수: 기록,1999-10-27,1999,Drama,Romance,US,en,145,18+,Theo Sarin,Mosaic Frame Lab,14670195,28538074,2021-09-15,false,"비취 주파수: 기록은(는) drama 장르의 이야기로, 낯선 선택이 한 공동체의 미래를 바꾸는 과정을 그린다."
MOV0182,Jade Frequency Signal,비취 주파수: 신호,2011-10-16,2011,Comedy,Romance,FR,fr,132,15+,Aya Neri,Riverglass Pictures,35634740,96523124,2022-01-18,false,"비취 주파수: 신호은(는) comedy 장르의 이야기로, 낯선 선택이 한 공동체의 미래를 바꾸는 과정을 그린다."
MOV0183,Jade Frequency Voyage,비취 주파수: 항해,2021-09-26,2021,Thriller,Drama,AU,en,111,18+,Ari Alden,Copper Kite Media,37382220,132059355,2025-06-09,false,"비취 주파수: 항해은(는) thriller 장르의 이야기로, 낯선 선택이 한 공동체의 미래를 바꾸는 과정을 그린다."
MOV0184,Jade Frequency Protocol,비취 주파수: 규약,2021-08-14,2021,Science Fiction,Animation,KR,ko,102,18+,Mina Bora,Copper Kite Media,33928820,47340294,2023-03-07,false,"비취 주파수: 규약은(는) science fiction 장르의 이야기로, 낯선 선택이 한 공동체의 미래를 바꾸는 과정을 그린다."
MOV0185,Jade Frequency Garden,비취 주파수: 정원,2024-07-30,2024,Romance,Animation,GB,en,155,7+,Jun Voss,Copper Kite Media,36337055,153422024,2024-07-30,true,"비취 주파수: 정원은(는) romance 장르의 이야기로, 낯선 선택이 한 공동체의 미래를 바꾸는 과정을 그린다."
MOV0186,Jade Frequency Paradox,비취 주파수: 역설,2006-09-21,2006,Action,Thriller,CA,en,151,15+,Lea Calder,Riverglass Pictures,31448035,123139225,2025-12-12,false,"비취 주파수: 역설은(는) action 장르의 이야기로, 낯선 선택이 한 공동체의 미래를 바꾸는 과정을 그린다."
MOV0187,Jade Frequency Chronicle,비취 주파수: 연대기,2010-10-14,2010,Documentary,Drama,BR,pt,87,12+,Tomas Ren,Cloudberry Films,5537593,31808775,2024-06-11,false,"비취 주파수: 연대기은(는) documentary 장르의 이야기로, 낯선 선택이 한 공동체의 미래를 바꾸는 과정을 그린다."
MOV0188,Jade Frequency Constellation,비취 주파수: 별자리,2008-05-04,2008,Animation,Comedy,JP,ja,87,ALL,Nora Mirel,Riverglass Pictures,123573661,613357039,2026-02-01,false,"비취 주파수: 별자리은(는) animation 장르의 이야기로, 낯선 선택이 한 공동체의 미래를 바꾸는 과정을 그린다."
MOV0189,Jade Frequency Reverie,비취 주파수: 몽상,2005-03-25,2005,Fantasy,Animation,DE,de,154,ALL,Ishan Vale,Riverglass Pictures,14382613,31653313,2026-04-24,false,"비취 주파수: 몽상은(는) fantasy 장르의 이야기로, 낯선 선택이 한 공동체의 미래를 바꾸는 과정을 그린다."
MOV0190,Jade Frequency Crossing,비취 주파수: 교차점,1998-12-24,1998,Horror,Comedy,IN,hi,160,7+,Sora Kwon,Copper Kite Media,42223287,126001873,2022-03-25,false,"비취 주파수: 교차점은(는) horror 장르의 이야기로, 낯선 선택이 한 공동체의 미래를 바꾸는 과정을 그린다."
MOV0191,Crimson Harbor Archive,진홍 항구: 기록,2003-02-18,2003,Drama,Horror,JP,ja,162,ALL,Aya Alden,Northstar Fiction,21554530,78309411,2021-10-02,false,"진홍 항구: 기록은(는) drama 장르의 이야기로, 낯선 선택이 한 공동체의 미래를 바꾸는 과정을 그린다."
MOV0192,Crimson Harbor Signal,진홍 항구: 신호,2011-05-07,2011,Comedy,Animation,DE,de,94,7+,Ari Bora,Quiet Comet Studio,55715832,183742049,2022-06-27,false,"진홍 항구: 신호은(는) comedy 장르의 이야기로, 낯선 선택이 한 공동체의 미래를 바꾸는 과정을 그린다."
MOV0193,Crimson Harbor Voyage,진홍 항구: 항해,1995-05-20,1995,Thriller,Fantasy,IN,hi,135,ALL,Mina Voss,Blue Lantern Works,53170319,99524610,2025-07-12,false,"진홍 항구: 항해은(는) thriller 장르의 이야기로, 낯선 선택이 한 공동체의 미래를 바꾸는 과정을 그린다."
MOV0194,Crimson Harbor Protocol,진홍 항구: 규약,2016-06-15,2016,Science Fiction,Fantasy,US,en,101,ALL,Jun Calder,Northstar Fiction,30681706,47797911,2025-04-09,false,"진홍 항구: 규약은(는) science fiction 장르의 이야기로, 낯선 선택이 한 공동체의 미래를 바꾸는 과정을 그린다."
MOV0195,Crimson Harbor Garden,진홍 항구: 정원,1999-12-03,1999,Romance,Horror,FR,fr,153,18+,Lea Ren,Copper Kite Media,34885292,173137843,2025-12-13,false,"진홍 항구: 정원은(는) romance 장르의 이야기로, 낯선 선택이 한 공동체의 미래를 바꾸는 과정을 그린다."
MOV0196,Crimson Harbor Paradox,진홍 항구: 역설,2003-07-11,2003,Action,Comedy,AU,en,121,12+,Tomas Mirel,Mosaic Frame Lab,46545231,211443129,2025-04-03,false,"진홍 항구: 역설은(는) action 장르의 이야기로, 낯선 선택이 한 공동체의 미래를 바꾸는 과정을 그린다."
MOV0197,Crimson Harbor Chronicle,진홍 항구: 연대기,2019-01-08,2019,Documentary,Science Fiction,KR,ko,106,7+,Nora Vale,Northstar Fiction,5543172,24160779,2024-11-10,false,"진홍 항구: 연대기은(는) documentary 장르의 이야기로, 낯선 선택이 한 공동체의 미래를 바꾸는 과정을 그린다."
MOV0198,Crimson Harbor Constellation,진홍 항구: 별자리,2004-11-15,2004,Animation,Horror,GB,en,114,18+,Ishan Kwon,Copper Kite Media,96302892,129292718,2022-10-08,false,"진홍 항구: 별자리은(는) animation 장르의 이야기로, 낯선 선택이 한 공동체의 미래를 바꾸는 과정을 그린다."
MOV0199,Crimson Harbor Reverie,진홍 항구: 몽상,1998-04-02,1998,Fantasy,Thriller,CA,en,110,18+,Sora Sarin,Blue Lantern Works,25025630,49462751,2024-11-06,false,"진홍 항구: 몽상은(는) fantasy 장르의 이야기로, 낯선 선택이 한 공동체의 미래를 바꾸는 과정을 그린다."
MOV0200,Crimson Harbor Crossing,진홍 항구: 교차점,2025-05-16,2025,Horror,Science Fiction,BR,pt,92,18+,Theo Neri,Blue Lantern Works,55664237,235413277,2025-05-16,true,"진홍 항구: 교차점은(는) horror 장르의 이야기로, 낯선 선택이 한 공동체의 미래를 바꾸는 과정을 그린다."
