user_id,display_name,email,birth_year,gender,country_code,preferred_language,signup_date,subscription_plan,preferred_genre,marketing_opt_in,account_status
USR0001,viewer_0001,viewer0001@example.invalid,1968,male,AU,en,2023-09-07,Standard,Science Fiction,false,active
USR0002,viewer_0002,viewer0002@example.invalid,1991,non_binary,FR,fr,2025-09-23,Basic,Documentary,true,cancelled
USR0003,viewer_0003,viewer0003@example.invalid,1981,prefer_not_to_say,US,en,2024-09-07,Standard,Horror,false,active
USR0004,viewer_0004,viewer0004@example.invalid,1978,female,IN,hi,2025-11-26,Basic,Thriller,false,active
USR0005,viewer_0005,viewer0005@example.invalid,1968,prefer_not_to_say,DE,de,2021-04-13,Premium,Action,false,paused
USR0006,viewer_0006,viewer0006@example.invalid,1966,female,JP,ja,2021-06-05,Standard,Fantasy,true,active
USR0007,viewer_0007,viewer0007@example.invalid,1959,male,BR,pt,2023-05-25,Basic,Comedy,true,cancelled
USR0008,viewer_0008,viewer0008@example.invalid,1998,female,CA,en,2023-05-24,Standard,Romance,false,active
USR0009,viewer_0009,viewer0009@example.invalid,1955,prefer_not_to_say,GB,en,2024-05-29,Standard,Animation,false,active
USR0010,viewer_0010,viewer0010@example.invalid,1974,male,KR,ko,2025-11-25,Standard,Drama,true,active
USR0011,viewer_0011,viewer0011@example.invalid,1996,prefer_not_to_say,AU,en,2023-10-11,Standard,Science Fiction,false,paused
USR0012,viewer_0012,viewer0012@example.invalid,1995,female,FR,fr,2024-01-29,Basic,Documentary,true,active
USR0013,viewer_0013,viewer0013@example.invalid,1957,prefer_not_to_say,US,en,2023-09-19,Basic,Horror,false,active
USR0014,viewer_0014,viewer0014@example.invalid,1959,male,IN,hi,2021-02-17,Premium,Thriller,false,active
USR0015,viewer_0015,viewer0015@example.invalid,1995,prefer_not_to_say,DE,de,2025-03-04,Basic,Action,false,active
USR0016,viewer_0016,viewer0016@example.invalid,1999,non_binary,JP,ja,2024-09-09,Premium,Fantasy,true,active
USR0017,viewer_0017,viewer0017@example.invalid,1980,female,BR,pt,2023-04-05,Premium,Comedy,false,paused
USR0018,viewer_0018,viewer0018@example.invalid,1990,male,CA,en,2021-08-08,Basic,Romance,true,active
USR0019,viewer_0019,viewer0019@example.invalid,1959,male,GB,en,2024-12-18,Standard,Animation,false,active
USR0020,viewer_0020,viewer0020@example.invalid,1973,female,KR,ko,2023-08-08,Standard,Drama,true,cancelled
USR0021,viewer_0021,viewer0021@example.invalid,1990,female,AU,en,2025-07-24,Premium,Science Fiction,false,active
USR0022,viewer_0022,viewer0022@example.invalid,1992,male,FR,fr,2023-03-24,Premium,Documentary,true,active
USR0023,viewer_0023,viewer0023@example.invalid,1961,male,US,en,2026-01-12,Basic,Horror,true,active
USR0024,viewer_0024,viewer0024@example.invalid,1989,male,IN,hi,2021-01-26,Basic,Thriller,true,paused
USR0025,viewer_0025,viewer0025@example.invalid,2003,male,DE,de,2023-10-14,Premium,Action,false,active
USR0026,viewer_0026,viewer0026@example.invalid,1955,non_binary,JP,ja,2021-04-16,Standard,Fantasy,false,paused
USR0027,viewer_0027,viewer0027@example.invalid,1957,male,BR,pt,2021-05-13,Basic,Comedy,false,paused
USR0028,viewer_0028,viewer0028@example.invalid,1974,female,CA,en,2022-05-08,Standard,Romance,true,paused
USR0029,viewer_0029,viewer0029@example.invalid,1984,prefer_not_to_say,GB,en,2022-09-02,Standard,Animation,true,cancelled
USR0030,viewer_0030,viewer0030@example.invalid,1977,male,KR,ko,2025-08-26,Standard,Drama,false,active
USR0031,viewer_0031,viewer0031@example.invalid,2004,male,AU,en,2021-03-19,Basic,Science Fiction,false,active
USR0032,viewer_0032,viewer0032@example.invalid,1962,female,FR,fr,2025-12-23,Basic,Documentary,false,active
USR0033,viewer_0033,viewer0033@example.invalid,1981,female,US,en,2025-08-04,Premium,Horror,false,active
USR0034,viewer_0034,viewer0034@example.invalid,1988,prefer_not_to_say,IN,hi,2024-07-22,Standard,Thriller,false,active
USR0035,viewer_0035,viewer0035@example.invalid,2005,female,DE,de,2021-09-25,Standard,Action,false,active
USR0036,viewer_0036,viewer0036@example.invalid,1958,female,JP,ja,2024-01-05,Basic,Fantasy,true,active
USR0037,viewer_0037,viewer0037@example.invalid,1968,prefer_not_to_say,BR,pt,2022-04-08,Premium,Comedy,false,cancelled
USR0038,viewer_0038,viewer0038@example.invalid,1986,non_binary,CA,en,2025-07-15,Standard,Romance,true,paused
USR0039,viewer_0039,viewer0039@example.invalid,2001,non_binary,GB,en,2022-12-27,Basic,Animation,false,active
USR0040,viewer_0040,viewer0040@example.invalid,1986,male,KR,ko,2024-07-15,Basic,Drama,false,active
USR0041,viewer_0041,viewer0041@example.invalid,1983,male,AU,en,2023-11-23,Premium,Science Fiction,true,active
USR0042,viewer_0042,viewer0042@example.invalid,1955,male,FR,fr,2023-11-15,Standard,Documentary,true,active
USR0043,viewer_0043,viewer0043@example.invalid,1994,male,US,en,2022-01-07,Standard,Horror,false,cancelled
USR0044,viewer_0044,viewer0044@example.invalid,1976,male,IN,hi,2022-07-07,Premium,Thriller,false,active
USR0045,viewer_0045,viewer0045@example.invalid,2000,female,DE,de,2026-01-06,Basic,Action,true,active
USR0046,viewer_0046,viewer0046@example.invalid,2001,female,JP,ja,2021-01-23,Premium,Fantasy,true,paused
USR0047,viewer_0047,viewer0047@example.invalid,1972,female,BR,pt,2024-05-09,Basic,Comedy,true,active
USR0048,viewer_0048,viewer0048@example.invalid,1994,female,CA,en,2024-09-03,Premium,Romance,false,active
USR0049,viewer_0049,viewer0049@example.invalid,1988,male,GB,en,2021-02-21,Basic,Animation,true,active
USR0050,viewer_0050,viewer0050@example.invalid,1961,non_binary,KR,ko,2023-08-21,Premium,Drama,false,active
USR0051,viewer_0051,viewer0051@example.invalid,1993,prefer_not_to_say,AU,en,2023-01-05,Basic,Science Fiction,true,cancelled
USR0052,viewer_0052,viewer0052@example.invalid,1995,female,FR,fr,2024-08-17,Basic,Documentary,false,active
USR0053,viewer_0053,viewer0053@example.invalid,1966,prefer_not_to_say,US,en,2022-06-11,Premium,Horror,true,active
USR0054,viewer_0054,viewer0054@example.invalid,1987,female,IN,hi,2022-09-19,Premium,Thriller,true,active
USR0055,viewer_0055,viewer0055@example.invalid,1962,prefer_not_to_say,DE,de,2025-06-10,Basic,Action,false,active
USR0056,viewer_0056,viewer0056@example.invalid,1972,male,JP,ja,2022-01-28,Standard,Fantasy,true,active
USR0057,viewer_0057,viewer0057@example.invalid,2000,male,BR,pt,2022-05-22,Standard,Comedy,false,paused
USR0058,viewer_0058,viewer0058@example.invalid,1970,non_binary,CA,en,2025-12-21,Standard,Romance,false,active
USR0059,viewer_0059,viewer0059@example.invalid,1957,male,GB,en,2025-06-07,Standard,Animation,false,active
USR0060,viewer_0060,viewer0060@example.invalid,2005,female,KR,ko,2022-11-28,Basic,Drama,true,paused
USR0061,viewer_0061,viewer0061@example.invalid,1977,prefer_not_to_say,AU,en,2023-08-12,Premium,Science Fiction,false,active
USR0062,viewer_0062,viewer0062@example.invalid,1969,male,FR,fr,2023-11-19,Premium,Documentary,true,active
USR0063,viewer_0063,viewer0063@example.invalid,1994,non_binary,US,en,2023-05-28,Basic,Horror,true,cancelled
USR0064,viewer_0064,viewer0064@example.invalid,1969,female,IN,hi,2022-06-29,Standard,Thriller,false,active
USR0065,viewer_0065,viewer0065@example.invalid,1961,male,DE,de,2022-04-16,Basic,Action,false,paused
USR0066,viewer_0066,viewer0066@example.invalid,1990,female,JP,ja,2023-01-28,Premium,Fantasy,false,cancelled
USR0067,viewer_0067,viewer0067@example.invalid,2003,male,BR,pt,2022-09-20,Standard,Comedy,false,active
USR0068,viewer_0068,viewer0068@example.invalid,1965,non_binary,CA,en,2025-09-02,Premium,Romance,true,active
USR0069,viewer_0069,viewer0069@example.invalid,1971,prefer_not_to_say,GB,en,2021-01-03,Basic,Animation,false,cancelled
USR0070,viewer_0070,viewer0070@example.invalid,1969,female,KR,ko,2024-08-02,Premium,Drama,false,cancelled
USR0071,viewer_0071,viewer0071@example.invalid,2004,prefer_not_to_say,AU,en,2023-05-23,Standard,Science Fiction,false,active
USR0072,viewer_0072,viewer0072@example.invalid,1982,prefer_not_to_say,FR,fr,2021-04-02,Basic,Documentary,false,paused
USR0073,viewer_0073,viewer0073@example.invalid,1999,female,US,en,2024-02-08,Premium,Horror,true,active
USR0074,viewer_0074,viewer0074@example.invalid,1970,male,IN,hi,2022-12-19,Basic,Thriller,false,active
USR0075,viewer_0075,viewer0075@example.invalid,1991,female,DE,de,2023-08-16,Premium,Action,false,active
USR0076,viewer_0076,viewer0076@example.invalid,1999,male,JP,ja,2025-10-16,Premium,Fantasy,false,paused
USR0077,viewer_0077,viewer0077@example.invalid,1960,prefer_not_to_say,BR,pt,2022-02-03,Standard,Comedy,true,active
USR0078,viewer_0078,viewer0078@example.invalid,1979,non_binary,CA,en,2022-07-19,Standard,Romance,false,paused
USR0079,viewer_0079,viewer0079@example.invalid,1956,prefer_not_to_say,GB,en,2024-05-08,Basic,Animation,false,active
USR0080,viewer_0080,viewer0080@example.invalid,2006,non_binary,KR,ko,2021-01-22,Standard,Drama,true,cancelled
USR0081,viewer_0081,viewer0081@example.invalid,1959,female,AU,en,2025-10-01,Basic,Science Fiction,false,active
USR0082,viewer_0082,viewer0082@example.invalid,1970,male,FR,fr,2025-01-28,Premium,Documentary,false,active
USR0083,viewer_0083,viewer0083@example.invalid,1987,female,US,en,2023-11-05,Premium,Horror,false,active
USR0084,viewer_0084,viewer0084@example.invalid,2001,prefer_not_to_say,IN,hi,2022-03-09,Premium,Thriller,true,active
USR0085,viewer_0085,viewer0085@example.invalid,2004,prefer_not_to_say,DE,de,2024-05-16,Standard,Action,true,cancelled
USR0086,viewer_0086,viewer0086@example.invalid,1984,male,JP,ja,2022-04-20,Basic,Fantasy,true,cancelled
USR0087,viewer_0087,viewer0087@example.invalid,1981,female,BR,pt,2024-06-15,Premium,Comedy,true,active
USR0088,viewer_0088,viewer0088@example.invalid,1972,prefer_not_to_say,CA,en,2022-08-02,Standard,Romance,false,cancelled
USR0089,viewer_0089,viewer0089@example.invalid,2002,female,GB,en,2025-04-04,Basic,Animation,false,cancelled
USR0090,viewer_0090,viewer0090@example.invalid,1968,male,KR,ko,2021-01-14,Standard,Drama,false,paused
USR0091,viewer_0091,viewer0091@example.invalid,1963,male,AU,en,2024-11-05,Standard,Science Fiction,false,cancelled
USR0092,viewer_0092,viewer0092@example.invalid,1967,prefer_not_to_say,FR,fr,2023-11-30,Basic,Documentary,false,active
USR0093,viewer_0093,viewer0093@example.invalid,1977,non_binary,US,en,2023-02-06,Premium,Horror,false,active
USR0094,viewer_0094,viewer0094@example.invalid,1969,non_binary,IN,hi,2022-08-28,Standard,Thriller,true,active
USR0095,viewer_0095,viewer0095@example.invalid,1985,female,DE,de,2022-08-07,Premium,Action,true,cancelled
USR0096,viewer_0096,viewer0096@example.invalid,1998,male,JP,ja,2024-01-05,Premium,Fantasy,false,paused
USR0097,viewer_0097,viewer0097@example.invalid,1975,prefer_not_to_say,BR,pt,2022-01-10,Basic,Comedy,true,active
USR0098,viewer_0098,viewer0098@example.invalid,1969,male,CA,en,2022-04-05,Standard,Romance,true,active
USR0099,viewer_0099,viewer0099@example.invalid,1964,male,GB,en,2022-07-18,Basic,Animation,false,active
USR0100,viewer_0100,viewer0100@example.invalid,1982,male,KR,ko,2023-03-03,Standard,Drama,true,cancelled
USR0101,viewer_0101,viewer0101@example.invalid,1998,prefer_not_to_say,AU,en,2025-08-15,Premium,Science Fiction,false,cancelled
USR0102,viewer_0102,viewer0102@example.invalid,1983,prefer_not_to_say,FR,fr,2023-09-05,Premium,Documentary,false,cancelled
USR0103,viewer_0103,viewer0103@example.invalid,1958,female,US,en,2025-01-16,Standard,Horror,true,active
USR0104,viewer_0104,viewer0104@example.invalid,1995,non_binary,IN,hi,2025-09-23,Standard,Thriller,true,active
USR0105,viewer_0105,viewer0105@example.invalid,1963,female,DE,de,2023-06-29,Standard,Action,false,active
USR0106,viewer_0106,viewer0106@example.invalid,2007,non_binary,JP,ja,2021-08-06,Standard,Fantasy,false,active
USR0107,viewer_0107,viewer0107@example.invalid,1999,female,BR,pt,2025-05-25,Standard,Comedy,true,paused
USR0108,viewer_0108,viewer0108@example.invalid,1995,non_binary,CA,en,2021-06-26,Standard,Romance,true,active
USR0109,viewer_0109,viewer0109@example.invalid,1984,female,GB,en,2025-08-09,Premium,Animation,true,active
USR0110,viewer_0110,viewer0110@example.invalid,1956,non_binary,KR,ko,2022-09-06,Basic,Drama,true,active
USR0111,viewer_0111,viewer0111@example.invalid,1983,non_binary,AU,en,2023-01-06,Premium,Science Fiction,false,cancelled
USR0112,viewer_0112,viewer0112@example.invalid,1957,non_binary,FR,fr,2026-01-05,Basic,Documentary,false,paused
USR0113,viewer_0113,viewer0113@example.invalid,1997,non_binary,US,en,2021-08-09,Basic,Horror,false,active
USR0114,viewer_0114,viewer0114@example.invalid,1973,prefer_not_to_say,IN,hi,2022-01-07,Standard,Thriller,false,active
USR0115,viewer_0115,viewer0115@example.invalid,1958,prefer_not_to_say,DE,de,2021-09-23,Premium,Action,false,active
USR0116,viewer_0116,viewer0116@example.invalid,1985,non_binary,JP,ja,2025-04-02,Premium,Fantasy,false,active
USR0117,viewer_0117,viewer0117@example.invalid,1970,non_binary,BR,pt,2025-03-24,Premium,Comedy,false,active
USR0118,viewer_0118,viewer0118@example.invalid,1972,male,CA,en,2022-04-15,Basic,Romance,false,active
USR0119,viewer_0119,viewer0119@example.invalid,1958,male,GB,en,2024-02-20,Standard,Animation,false,paused
USR0120,viewer_0120,viewer0120@example.invalid,1984,male,KR,ko,2024-11-13,Basic,Drama,false,active
USR0121,viewer_0121,viewer0121@example.invalid,1981,prefer_not_to_say,AU,en,2022-07-04,Basic,Science Fiction,true,active
USR0122,viewer_0122,viewer0122@example.invalid,2001,prefer_not_to_say,FR,fr,2023-12-13,Basic,Documentary,false,active
USR0123,viewer_0123,viewer0123@example.invalid,2008,prefer_not_to_say,US,en,2025-04-21,Basic,Horror,false,paused
USR0124,viewer_0124,viewer0124@example.invalid,1988,prefer_not_to_say,IN,hi,2022-07-31,Premium,Thriller,true,active
USR0125,viewer_0125,viewer0125@example.invalid,1957,female,DE,de,2025-12-27,Basic,Action,false,active
USR0126,viewer_0126,viewer0126@example.invalid,1956,male,JP,ja,2023-01-09,Standard,Fantasy,true,cancelled
USR0127,viewer_0127,viewer0127@example.invalid,1990,prefer_not_to_say,BR,pt,2022-08-28,Premium,Comedy,false,active
USR0128,viewer_0128,viewer0128@example.invalid,1991,female,CA,en,2023-09-15,Premium,Romance,true,cancelled
USR0129,viewer_0129,viewer0129@example.invalid,1983,male,GB,en,2022-12-16,Basic,Animation,false,active
USR0130,viewer_0130,viewer0130@example.invalid,2004,male,KR,ko,2022-03-14,Basic,Drama,false,active
USR0131,viewer_0131,viewer0131@example.invalid,2002,non_binary,AU,en,2025-10-23,Basic,Science Fiction,true,active
USR0132,viewer_0132,viewer0132@example.invalid,1964,male,FR,fr,2023-07-16,Standard,Documentary,true,paused
USR0133,viewer_0133,viewer0133@example.invalid,1976,female,US,en,2022-04-04,Standard,Horror,false,paused
USR0134,viewer_0134,viewer0134@example.invalid,2000,female,IN,hi,2021-08-07,Basic,Thriller,false,active
USR0135,viewer_0135,viewer0135@example.invalid,1961,non_binary,DE,de,2025-06-24,Basic,Action,true,paused
USR0136,viewer_0136,viewer0136@example.invalid,1974,male,JP,ja,2021-01-16,Premium,Fantasy,true,active
USR0137,viewer_0137,viewer0137@example.invalid,1956,non_binary,BR,pt,2025-04-06,Premium,Comedy,true,active
USR0138,viewer_0138,viewer0138@example.invalid,1982,male,CA,en,2025-08-05,Premium,Romance,false,active
USR0139,viewer_0139,viewer0139@example.invalid,1965,male,GB,en,2025-03-08,Basic,Animation,false,active
USR0140,viewer_0140,viewer0140@example.invalid,2004,male,KR,ko,2024-09-28,Premium,Drama,false,cancelled
USR0141,viewer_0141,viewer0141@example.invalid,1993,female,AU,en,2024-07-22,Premium,Science Fiction,false,active
USR0142,viewer_0142,viewer0142@example.invalid,1973,male,FR,fr,2024-01-17,Basic,Documentary,false,active
USR0143,viewer_0143,viewer0143@example.invalid,1957,prefer_not_to_say,US,en,2025-02-11,Basic,Horror,true,cancelled
USR0144,viewer_0144,viewer0144@example.invalid,2001,prefer_not_to_say,IN,hi,2024-11-25,Premium,Thriller,false,active
USR0145,viewer_0145,viewer0145@example.invalid,1978,prefer_not_to_say,DE,de,2022-10-10,Basic,Action,true,active
USR0146,viewer_0146,viewer0146@example.invalid,1961,prefer_not_to_say,JP,ja,2023-12-04,Premium,Fantasy,false,active
USR0147,viewer_0147,viewer0147@example.invalid,1970,prefer_not_to_say,BR,pt,2021-04-07,Standard,Comedy,true,active
USR0148,viewer_0148,viewer0148@example.invalid,1978,non_binary,CA,en,2023-01-13,Basic,Romance,true,paused
USR0149,viewer_0149,viewer0149@example.invalid,1967,non_binary,GB,en,2022-05-07,Basic,Animation,false,active
USR0150,viewer_0150,viewer0150@example.invalid,1957,prefer_not_to_say,KR,ko,2022-09-18,Basic,Drama,false,active
USR0151,viewer_0151,viewer0151@example.invalid,1966,non_binary,AU,en,2022-02-01,Standard,Science Fiction,true,active
USR0152,viewer_0152,viewer0152@example.invalid,1955,male,FR,fr,2021-01-20,Standard,Documentary,false,active
USR0153,viewer_0153,viewer0153@example.invalid,2001,non_binary,US,en,2024-09-14,Premium,Horror,false,cancelled
USR0154,viewer_0154,viewer0154@example.invalid,1988,non_binary,IN,hi,2025-07-25,Basic,Thriller,false,active
USR0155,viewer_0155,viewer0155@example.invalid,1971,male,DE,de,2024-05-27,Premium,Action,false,active
USR0156,viewer_0156,viewer0156@example.invalid,2002,non_binary,JP,ja,2025-06-30,Premium,Fantasy,false,paused
USR0157,viewer_0157,viewer0157@example.invalid,1976,prefer_not_to_say,BR,pt,2022-04-09,Standard,Comedy,true,active
USR0158,viewer_0158,viewer0158@example.invalid,1981,prefer_not_to_say,CA,en,2025-01-25,Basic,Romance,false,paused
USR0159,viewer_0159,viewer0159@example.invalid,1994,male,GB,en,2025-01-13,Standard,Animation,true,paused
USR0160,viewer_0160,viewer0160@example.invalid,1980,male,KR,ko,2021-04-20,Standard,Drama,false,active
USR0161,viewer_0161,viewer0161@example.invalid,1987,prefer_not_to_say,AU,en,2023-05-23,Premium,Science Fiction,false,paused
USR0162,viewer_0162,viewer0162@example.invalid,1980,female,FR,fr,2021-12-05,Standard,Documentary,false,active
USR0163,viewer_0163,viewer0163@example.invalid,2001,male,US,en,2022-12-18,Premium,Horror,false,paused
USR0164,viewer_0164,viewer0164@example.invalid,1995,prefer_not_to_say,IN,hi,2022-03-25,Premium,Thriller,false,active
USR0165,viewer_0165,viewer0165@example.invalid,1990,prefer_not_to_say,DE,de,2021-03-03,Standard,Action,true,active
USR0166,viewer_0166,viewer0166@example.invalid,1989,non_binary,JP,ja,2024-02-07,Basic,Fantasy,true,active
USR0167,viewer_0167,viewer0167@example.invalid,2002,prefer_not_to_say,BR,pt,2023-01-13,Standard,Comedy,false,active
USR0168,viewer_0168,viewer0168@example.invalid,1979,female,CA,en,2022-07-11,Premium,Romance,true,active
USR0169,viewer_0169,viewer0169@example.invalid,2004,prefer_not_to_say,GB,en,2023-02-02,Basic,Animation,false,paused
USR0170,viewer_0170,viewer0170@example.invalid,1990,female,KR,ko,2022-10-22,Basic,Drama,false,paused
USR0171,viewer_0171,viewer0171@example.invalid,2005,prefer_not_to_say,AU,en,2022-09-15,Basic,Science Fiction,false,active
USR0172,viewer_0172,viewer0172@example.invalid,1983,female,FR,fr,2022-01-18,Premium,Documentary,false,active
USR0173,viewer_0173,viewer0173@example.invalid,2006,prefer_not_to_say,US,en,2022-09-20,Basic,Horror,true,active
USR0174,viewer_0174,viewer0174@example.invalid,1966,prefer_not_to_say,IN,hi,2024-05-23,Basic,Thriller,true,active
USR0175,viewer_0175,viewer0175@example.invalid,2006,male,DE,de,2024-07-10,Basic,Action,true,cancelled
USR0176,viewer_0176,viewer0176@example.invalid,1981,female,JP,ja,2021-11-07,Basic,Fantasy,false,cancelled
USR0177,viewer_0177,viewer0177@example.invalid,2007,prefer_not_to_say,BR,pt,2022-07-25,Standard,Comedy,false,active
USR0178,viewer_0178,viewer0178@example.invalid,2000,female,CA,en,2024-12-19,Basic,Romance,false,paused
USR0179,viewer_0179,viewer0179@example.invalid,1985,male,GB,en,2022-03-07,Premium,Animation,false,active
USR0180,viewer_0180,viewer0180@example.invalid,2005,male,KR,ko,2025-04-24,Premium,Drama,true,paused
USR0181,viewer_0181,viewer0181@example.invalid,1961,non_binary,AU,en,2021-01-15,Premium,Science Fiction,false,active
USR0182,viewer_0182,viewer0182@example.invalid,1978,non_binary,FR,fr,2024-02-25,Basic,Documentary,true,active
USR0183,viewer_0183,viewer0183@example.invalid,1994,non_binary,US,en,2025-03-15,Standard,Horror,false,paused
USR0184,viewer_0184,viewer0184@example.invalid,1993,male,IN,hi,2024-12-26,Standard,Thriller,true,active
USR0185,viewer_0185,viewer0185@example.invalid,1994,prefer_not_to_say,DE,de,2021-05-13,Standard,Action,false,active
USR0186,viewer_0186,viewer0186@example.invalid,1965,prefer_not_to_say,JP,ja,2025-12-18,Premium,Fantasy,true,active
USR0187,viewer_0187,viewer0187@example.invalid,1969,non_binary,BR,pt,2021-03-08,Premium,Comedy,false,active
USR0188,viewer_0188,viewer0188@example.invalid,2007,non_binary,CA,en,2025-12-25,Basic,Romance,true,active
USR0189,viewer_0189,viewer0189@example.invalid,1995,non_binary,GB,en,2025-06-16,Basic,Animation,false,active
USR0190,viewer_0190,viewer0190@example.invalid,1961,prefer_not_to_say,KR,ko,2025-10-20,Basic,Drama,false,cancelled
USR0191,viewer_0191,viewer0191@example.invalid,2001,non_binary,AU,en,2024-08-25,Basic,Science Fiction,true,active
USR0192,viewer_0192,viewer0192@example.invalid,1978,non_binary,FR,fr,2025-11-26,Standard,Documentary,true,cancelled
USR0193,viewer_0193,viewer0193@example.invalid,1987,prefer_not_to_say,US,en,2022-08-07,Basic,Horror,false,paused
USR0194,viewer_0194,viewer0194@example.invalid,1980,non_binary,IN,hi,2025-02-15,Standard,Thriller,true,paused
USR0195,viewer_0195,viewer0195@example.invalid,1983,female,DE,de,2025-05-14,Standard,Action,false,active
USR0196,viewer_0196,viewer0196@example.invalid,1955,female,JP,ja,2025-10-29,Premium,Fantasy,true,active
USR0197,viewer_0197,viewer0197@example.invalid,1971,prefer_not_to_say,BR,pt,2024-08-04,Standard,Comedy,false,cancelled
USR0198,viewer_0198,viewer0198@example.invalid,1957,non_binary,CA,en,2021-05-17,Premium,Romance,false,paused
USR0199,viewer_0199,viewer0199@example.invalid,1995,female,GB,en,2023-05-14,Standard,Animation,false,active
USR0200,viewer_0200,viewer0200@example.invalid,2004,prefer_not_to_say,KR,ko,2025-05-03,Premium,Drama,true,cancelled
USR0201,viewer_0201,viewer0201@example.invalid,1968,male,AU,en,2024-05-11,Premium,Science Fiction,true,active
USR0202,viewer_0202,viewer0202@example.invalid,1986,female,FR,fr,2024-03-01,Standard,Documentary,false,paused
USR0203,viewer_0203,viewer0203@example.invalid,1977,female,US,en,2021-09-24,Standard,Horror,false,active
USR0204,viewer_0204,viewer0204@example.invalid,2002,female,IN,hi,2021-09-24,Basic,Thriller,true,active
USR0205,viewer_0205,viewer0205@example.invalid,2004,prefer_not_to_say,DE,de,2021-03-20,Standard,Action,false,active
USR0206,viewer_0206,viewer0206@example.invalid,1961,prefer_not_to_say,JP,ja,2024-03-21,Premium,Fantasy,false,active
USR0207,viewer_0207,viewer0207@example.invalid,1965,prefer_not_to_say,BR,pt,2022-03-19,Standard,Comedy,true,active
USR0208,viewer_0208,viewer0208@example.invalid,1986,prefer_not_to_say,CA,en,2025-11-22,Standard,Romance,false,active
USR0209,viewer_0209,viewer0209@example.invalid,1969,male,GB,en,2025-08-11,Basic,Animation,true,cancelled
USR0210,viewer_0210,viewer0210@example.invalid,1968,non_binary,KR,ko,2024-07-20,Premium,Drama,true,active
USR0211,viewer_0211,viewer0211@example.invalid,1984,female,AU,en,2022-01-22,Basic,Science Fiction,false,active
USR0212,viewer_0212,viewer0212@example.invalid,1975,non_binary,FR,fr,2024-03-09,Premium,Documentary,false,active
USR0213,viewer_0213,viewer0213@example.invalid,1972,female,US,en,2023-10-19,Standard,Horror,false,active
USR0214,viewer_0214,viewer0214@example.invalid,1957,non_binary,IN,hi,2021-05-03,Premium,Thriller,true,cancelled
USR0215,viewer_0215,viewer0215@example.invalid,1978,male,DE,de,2024-08-07,Premium,Action,true,active
USR0216,viewer_0216,viewer0216@example.invalid,1978,female,JP,ja,2022-07-28,Basic,Fantasy,false,cancelled
USR0217,viewer_0217,viewer0217@example.invalid,1973,prefer_not_to_say,BR,pt,2022-12-18,Premium,Comedy,false,active
USR0218,viewer_0218,viewer0218@example.invalid,2004,male,CA,en,2021-07-22,Premium,Romance,true,active
USR0219,viewer_0219,viewer0219@example.invalid,1970,prefer_not_to_say,GB,en,2025-02-02,Basic,Animation,false,active
USR0220,viewer_0220,viewer0220@example.invalid,1994,female,KR,ko,2021-08-18,Basic,Drama,false,active
USR0221,viewer_0221,viewer0221@example.invalid,1993,female,AU,en,2026-01-09,Standard,Science Fiction,false,active
USR0222,viewer_0222,viewer0222@example.invalid,1997,female,FR,fr,2024-10-26,Premium,Documentary,false,active
USR0223,viewer_0223,viewer0223@example.invalid,2006,non_binary,US,en,2021-01-19,Standard,Horror,false,cancelled
USR0224,viewer_0224,viewer0224@example.invalid,1967,non_binary,IN,hi,2025-08-30,Premium,Thriller,true,active
USR0225,viewer_0225,viewer0225@example.invalid,1962,female,DE,de,2022-10-16,Basic,Action,true,active
USR0226,viewer_0226,viewer0226@example.invalid,1986,female,JP,ja,2023-09-22,Standard,Fantasy,false,active
USR0227,viewer_0227,viewer0227@example.invalid,1997,prefer_not_to_say,BR,pt,2022-06-13,Basic,Comedy,false,active
USR0228,viewer_0228,viewer0228@example.invalid,1973,female,CA,en,2025-10-19,Basic,Romance,true,cancelled
USR0229,viewer_0229,viewer0229@example.invalid,1958,non_binary,GB,en,2021-07-19,Premium,Animation,true,active
USR0230,viewer_0230,viewer0230@example.invalid,1980,male,KR,ko,2024-05-14,Standard,Drama,true,active
USR0231,viewer_0231,viewer0231@example.invalid,1993,female,AU,en,2024-11-26,Premium,Science Fiction,true,active
USR0232,viewer_0232,viewer0232@example.invalid,1998,non_binary,FR,fr,2022-09-29,Basic,Documentary,true,cancelled
USR0233,viewer_0233,viewer0233@example.invalid,1965,female,US,en,2023-02-21,Standard,Horror,false,active
USR0234,viewer_0234,viewer0234@example.invalid,1957,male,IN,hi,2021-10-20,Premium,Thriller,false,paused
USR0235,viewer_0235,viewer0235@example.invalid,1955,non_binary,DE,de,2021-04-01,Premium,Action,false,active
USR0236,viewer_0236,viewer0236@example.invalid,1958,prefer_not_to_say,JP,ja,2021-01-08,Premium,Fantasy,false,active
USR0237,viewer_0237,viewer0237@example.invalid,1981,prefer_not_to_say,BR,pt,2026-01-04,Basic,Comedy,false,paused
USR0238,viewer_0238,viewer0238@example.invalid,1967,non_binary,CA,en,2021-06-11,Standard,Romance,false,active
USR0239,viewer_0239,viewer0239@example.invalid,2001,male,GB,en,2023-10-15,Premium,Animation,true,cancelled
USR0240,viewer_0240,viewer0240@example.invalid,1973,prefer_not_to_say,KR,ko,2025-02-01,Standard,Drama,true,active
USR0241,viewer_0241,viewer0241@example.invalid,1997,non_binary,AU,en,2022-04-18,Basic,Science Fiction,false,cancelled
USR0242,viewer_0242,viewer0242@example.invalid,2006,non_binary,FR,fr,2024-10-30,Standard,Documentary,true,active
USR0243,viewer_0243,viewer0243@example.invalid,2006,prefer_not_to_say,US,en,2023-11-08,Basic,Horror,false,active
USR0244,viewer_0244,viewer0244@example.invalid,1999,male,IN,hi,2023-08-19,Basic,Thriller,false,active
USR0245,viewer_0245,viewer0245@example.invalid,1990,prefer_not_to_say,DE,de,2021-07-23,Premium,Action,false,active
USR0246,viewer_0246,viewer0246@example.invalid,1975,non_binary,JP,ja,2022-01-05,Basic,Fantasy,false,active
USR0247,viewer_0247,viewer0247@example.invalid,1971,non_binary,BR,pt,2021-05-28,Basic,Comedy,true,paused
USR0248,viewer_0248,viewer0248@example.invalid,1957,prefer_not_to_say,CA,en,2025-04-17,Basic,Romance,false,cancelled
USR0249,viewer_0249,viewer0249@example.invalid,1962,prefer_not_to_say,GB,en,2023-07-01,Premium,Animation,true,active
USR0250,viewer_0250,viewer0250@example.invalid,1990,female,KR,ko,2025-12-19,Premium,Drama,false,paused
USR0251,viewer_0251,viewer0251@example.invalid,1979,male,AU,en,2023-07-23,Basic,Science Fiction,false,active
USR0252,viewer_0252,viewer0252@example.invalid,1981,non_binary,FR,fr,2025-10-21,Standard,Documentary,false,cancelled
USR0253,viewer_0253,viewer0253@example.invalid,1999,male,US,en,2021-10-18,Basic,Horror,true,cancelled
USR0254,viewer_0254,viewer0254@example.invalid,2005,prefer_not_to_say,IN,hi,2025-12-30,Basic,Thriller,false,active
USR0255,viewer_0255,viewer0255@example.invalid,1964,non_binary,DE,de,2022-07-03,Premium,Action,true,cancelled
USR0256,viewer_0256,viewer0256@example.invalid,1985,female,JP,ja,2022-07-05,Premium,Fantasy,false,cancelled
USR0257,viewer_0257,viewer0257@example.invalid,1989,non_binary,BR,pt,2022-01-15,Standard,Comedy,false,active
USR0258,viewer_0258,viewer0258@example.invalid,1990,non_binary,CA,en,2022-04-25,Standard,Romance,false,active
USR0259,viewer_0259,viewer0259@example.invalid,1971,male,GB,en,2025-06-08,Premium,Animation,false,active
USR0260,viewer_0260,viewer0260@example.invalid,1965,male,KR,ko,2021-12-17,Standard,Drama,false,paused
USR0261,viewer_0261,viewer0261@example.invalid,1976,male,AU,en,2021-03-16,Standard,Science Fiction,false,active
USR0262,viewer_0262,viewer0262@example.invalid,1981,female,FR,fr,2025-10-14,Premium,Documentary,false,active
USR0263,viewer_0263,viewer0263@example.invalid,1985,prefer_not_to_say,US,en,2025-02-11,Standard,Horror,true,cancelled
USR0264,viewer_0264,viewer0264@example.invalid,1979,prefer_not_to_say,IN,hi,2021-04-21,Premium,Thriller,false,paused
USR0265,viewer_0265,viewer0265@example.invalid,2002,male,DE,de,2021-05-04,Standard,Action,true,paused
USR0266,viewer_0266,viewer0266@example.invalid,1961,female,JP,ja,2021-06-01,Standard,Fantasy,false,paused
USR0267,viewer_0267,viewer0267@example.invalid,1978,male,BR,pt,2022-04-07,Premium,Comedy,true,active
USR0268,viewer_0268,viewer0268@example.invalid,1971,female,CA,en,2021-02-23,Premium,Romance,false,active
USR0269,viewer_0269,viewer0269@example.invalid,1972,non_binary,GB,en,2025-02-14,Premium,Animation,false,cancelled
USR0270,viewer_0270,viewer0270@example.invalid,1982,prefer_not_to_say,KR,ko,2025-10-28,Standard,Drama,true,active
USR0271,viewer_0271,viewer0271@example.invalid,1985,prefer_not_to_say,AU,en,2022-08-05,Basic,Science Fiction,true,active
USR0272,viewer_0272,viewer0272@example.invalid,1983,male,FR,fr,2024-02-02,Premium,Documentary,true,active
USR0273,viewer_0273,viewer0273@example.invalid,1962,female,US,en,2023-01-04,Standard,Horror,true,active
USR0274,viewer_0274,viewer0274@example.invalid,1979,female,IN,hi,2022-10-10,Basic,Thriller,false,paused
USR0275,viewer_0275,viewer0275@example.invalid,2005,prefer_not_to_say,DE,de,2023-10-22,Standard,Action,false,active
USR0276,viewer_0276,viewer0276@example.invalid,1981,prefer_not_to_say,JP,ja,2021-10-21,Premium,Fantasy,false,active
USR0277,viewer_0277,viewer0277@example.invalid,1988,non_binary,BR,pt,2025-05-29,Premium,Comedy,false,paused
USR0278,viewer_0278,viewer0278@example.invalid,1997,prefer_not_to_say,CA,en,2023-02-10,Standard,Romance,true,cancelled
USR0279,viewer_0279,viewer0279@example.invalid,2001,prefer_not_to_say,GB,en,2022-05-31,Basic,Animation,false,paused
USR0280,viewer_0280,viewer0280@example.invalid,2007,non_binary,KR,ko,2023-06-16,Basic,Drama,false,active
USR0281,viewer_0281,viewer0281@example.invalid,1990,non_binary,AU,en,2021-05-24,Standard,Science Fiction,true,active
USR0282,viewer_0282,viewer0282@example.invalid,1995,female,FR,fr,2025-12-20,Basic,Documentary,false,active
USR0283,viewer_0283,viewer0283@example.invalid,1968,prefer_not_to_say,US,en,2025-07-10,Premium,Horror,true,cancelled
USR0284,viewer_0284,viewer0284@example.invalid,1993,non_binary,IN,hi,2022-05-16,Basic,Thriller,true,cancelled
USR0285,viewer_0285,viewer0285@example.invalid,1959,female,DE,de,2025-03-19,Standard,Action,false,active
USR0286,viewer_0286,viewer0286@example.invalid,2001,female,JP,ja,2022-05-11,Premium,Fantasy,false,paused
USR0287,viewer_0287,viewer0287@example.invalid,1997,non_binary,BR,pt,2021-08-20,Standard,Comedy,true,active
USR0288,viewer_0288,viewer0288@example.invalid,1994,prefer_not_to_say,CA,en,2024-08-21,Basic,Romance,true,active
USR0289,viewer_0289,viewer0289@example.invalid,1965,prefer_not_to_say,GB,en,2023-07-09,Basic,Animation,true,cancelled
USR0290,viewer_0290,viewer0290@example.invalid,1964,prefer_not_to_say,KR,ko,2025-05-09,Standard,Drama,true,paused
USR0291,viewer_0291,viewer0291@example.invalid,1997,female,AU,en,2021-06-03,Basic,Science Fiction,false,active
USR0292,viewer_0292,viewer0292@example.invalid,2007,male,FR,fr,2021-04-22,Standard,Documentary,true,active
USR0293,viewer_0293,viewer0293@example.invalid,1986,non_binary,US,en,2022-05-20,Standard,Horror,false,active
USR0294,viewer_0294,viewer0294@example.invalid,1988,female,IN,hi,2023-04-23,Basic,Thriller,false,active
USR0295,viewer_0295,viewer0295@example.invalid,2004,non_binary,DE,de,2023-05-09,Basic,Action,false,paused
USR0296,viewer_0296,viewer0296@example.invalid,1995,female,JP,ja,2022-01-07,Premium,Fantasy,false,active
USR0297,viewer_0297,viewer0297@example.invalid,1961,male,BR,pt,2025-10-16,Basic,Comedy,true,paused
USR0298,viewer_0298,viewer0298@example.invalid,1977,male,CA,en,2025-08-22,Standard,Romance,false,cancelled
USR0299,viewer_0299,viewer0299@example.invalid,2002,female,GB,en,2024-06-16,Standard,Animation,true,active
USR0300,viewer_0300,viewer0300@example.invalid,1996,prefer_not_to_say,KR,ko,2022-03-06,Basic,Drama,true,cancelled
